id,subCategory,productDisplayName
24445,Socks,Fila Men Black Socks
50419,Shoes,U.S. Polo Assn. Men Brown Derby Formal Shoes
29131,Eyewear,Vogue Women Black Sunglasses
47284,Topwear,Myntra Women Pack of 3 T-shirts
15707,Socks,Nike Unisex Pack of 3 Black Socks
59357,Topwear,Vishudh Women Pink Printed Kurta
32003,Socks,Playboy Men Brown Formal Socks
49079,Eyes,Deborah Silver Mono HiTech Eye Shadow 34
5062,Watches,Being Human Men Black Dial Steel Plated Strap Watch
23851,Shoes,ADIDAS Men Green Color Can Casual Shoes
9124,Shoes,Puma Men Jiyu 2 White Casual Shoes
43931,Shoes,Catwalk Women White Heeled Shoes
37746,Topwear,John Players Men Check Blue Shirt
27326,Fragrance,Jovan Men Musk Deo
21687,Watches,Fossil Men Steel-Toned Dial Chronograph Watch CH2790
54662,Watches,Fastrack Men Black Dial  Watch
57816,Topwear,United Colors of Benetton Women Khaki Tunic
55590,Topwear,Peter England Men White Shirt
23688,Wallets,Newhide Brown Men Antique Wallet
23240,Topwear,Aneri Women Ashna Blue Kurta
58941,Watches,Tommy Hilfiger Women White Dial Watch TH1780808-D
29268,Shoes,ADIDAS Men Barricade Team 2 Black Sports Shoes
24172,Topwear,Aurelia Women Reddish Pink Printed Kurti
34524,Sandal,Red Tape Men Brown Sandals
25892,Topwear,Femella Women Black Spaghetti Top
1881,Topwear,FIFA Mens France 1938 Grey T-shirt
6123,Topwear,UCB Men's Solid Fabric Navy T-shirt
59607,Saree,FNF Pink & Grey Wedding Collection Sari
51440,Topwear,Myntra Women Blue Printed Top
18983,Topwear,ADIDAS Originals Men  Polo Navy Blue Tshirt
48485,Dress,French Connection Red & Brown Dress
17269,Topwear,U.S. Polo Assn. Men Stripes White Polo  Tshirt
12059,Topwear,W Women Printed Brown Kurtas
19105,Topwear,Mother Earth Women Printed Red Kurta
28200,Eyewear,Ray-Ban Men Active Lifestyle Copper Sunglasses
15019,Topwear,ADIDAS Men Printed Black Sweatshirts
57298,Shoes,Rocia Women Beige Flats
12339,Topwear,Mark Taylor Men White Striped Shirt
8432,Topwear,Jealous 21 Women Jealous Frills and florals Purple Top Purple Tops
42276,Shoes,Vans Men Navy Blue Michoacan Shoes
21701,Watches,Fossil Women White Dial Watch ES2998
50784,Shoes,Clarks Women Cream Coloured Onslow Beat Leather Wedges
47476,Shoes,Tiptopp Women Maroon Flats
30852,Topwear,Fabindia Women Printed Beige Kurta
37798,Topwear,John Players Men Striped White Shirt
16708,Topwear,Fila Men Striper Pique White Tshirt
6342,Shoes,Catwalk Blue Wedges
25785,Topwear,Arrow Men Blue Suspenders
9701,Shoes,Hush Puppies Men Falcon Black Formal Shoes
42871,Bags,French Connection Women Red Clutch
26543,Sandal,ID Men Black & Yellow Sandals
8824,Topwear,Spykar Men Ranger Black Shirts
24079,Shoes,Catwalk Women Black Flats
50174,Shoes,Rocia Women Multi- Coloured Shoes
3639,Shoes,Fila Men's Universe HI White Shoe
5827,Topwear,ADIDAS Men's Prt Grey T-shirt
15183,Topwear,Arrow Sport Men Check Blue Sweaters
38604,Topwear,Nike Men White Eligible T-shirt
14161,Cufflinks,Belmonte Men Textured Steel Cufflinks
37866,Wallets,Hidekraft Unisex Brown Business Organiser
8141,Watches,Fastrack Women Freestyle Sports Analog Steel Black Watch
43950,Shoes,Catwalk Women Beige Shoes
6252,Topwear,Lee Women's Hillary Jewel T-shirt
14668,Topwear,Basics Men White Slim Fit Checked Shirt
53373,Bags,Puma Unisex Black Ferrari Backpack
57716,Lips,Lotus Herbals Seduction Strawberry Punch Lip Gloss 41
30885,Topwear,Fabindia Women Printed Peach Kurta
10342,Topwear,United Colors of Benetton Women Printed Tunic Black Tops
10363,Topwear,United Colors of Benetton Women Solid Grey Tops
56505,Nails,Streetwear Quick Dry Sensational Star Nail Polish 01
22173,Shoes,Timberland Men Dark Brown Casual Shoes
46452,Watches,Timex Men Black Dial Watch J201
35934,Shoes,Salomon Men XR Mission Grey Sports Shoes
16112,Sandal,Numero Uno Men Casual Black Slipper
53369,Bags,Puma Women Black Bag
42749,Shoes,Rocia Women Black Heels
17966,Shoes,Puma Women Sasha White Casual Shoe
41844,Shoes,Skechers Men Black Shoes
45351,Shoes,Cobblerz Women Brown Sandals
41857,Sandal,Bata Men Hummer Grey Sandals
48560,Jewellery,Revv Men Steel Bracelet
17609,Topwear,Doodle Girls Raindrops White Tshirts
16844,Eyewear,Idee Men Funky Eyewear Blue Sunglasses
7288,Topwear,Mickey Men's Big Happy Face Grey Heather T-shirt
3768,Topwear,Status Quo Men's Red Polo T-shirt
20971,Belts,Fastrack Men Leatherette Olive Belt
12380,Topwear,Reid & Taylor Men Stripes Blue Shirts
29274,Topwear,Wrangler Women Stella Yellow Shirt
14367,Shoes,Catwalk Women Casual Brown Flats
43863,Jewellery,Royal Diadem Earrings
35563,Sandal,Enroute Teens Gold Sandals
28446,Bags,Kiara Women Pink Handbag
34374,Topwear,Myntra Men Orange Burps T-shirt
21155,Topwear,s.Oliver Women Green Check Shirt
11203,Watches,Carrera Men Metal strap Sqaure dial Black Watches
49504,Shoes,Vans Men Brown Casual Shoes
40613,Topwear,Span Women Purple Kurta
4841,Topwear,Sher Singh Men's India White Polo T-shirt
36372,Socks,Reid & Taylor Men Brown Socks
35308,Jewellery,Fabindia Women Anusuya Silver Earrings
27377,Topwear,Tantra Men Jimmo Beige T-shirt
50428,Accessories,Lino Perros Unisex Khaki Satchel
42247,Topwear,Sepia Women Green Top
18059,Wallets,Lino Perros Women Solid Beige Wallet
14990,Topwear,ADIDAS Men Solid Black Sweaters
55375,Nails,Revlon Caramel Crunch Nail Polish 325
6185,Topwear,Lee Men's Hentry Smoke Grey T-shirt
52883,Saree,FNF Printed Blue Sari
6148,Sandal,Puma Unisex Argon Black Green Floater
46878,Socks,Lino Perros Men Pack of 2 Socks
36225,Shoes,Nike Men Chukka Go Suede Green Shoes
14354,Shoes,Catwalk Women Casual Brown Flats
16232,Topwear,Puma Men Ess Hooded Grey Sweatshirt
38152,Topwear,Wildcraft Women White T-shirt
41825,Shoes,Skechers Women Yellow & Silver Sports Shoes
11435,Topwear,United Colors of Benetton Women Light Winter White Tops
15993,Topwear,Turtle Check Men Blue Checked ReversibleShirt
56379,Fragrance,DKNY Women Sweet Delicious 50 ml Perfume
33850,Shoes,Puma Men Suede Archive Eco Red Shoes
21673,Watches,Fossil Men Silver-Toned Chronograph Watch CH2646
15723,Shoes,Nike Women Ballista II White Sports Shoes
47357,Bags,Baggit Women Purple Phulrani Brush Mobile Pouch
24626,Shoes,Converse Men Black Roll Down Shoes
13130,Shoes,Provogue Men Brown Casual Shoes
22138,Shoes,Provouge Men Black Classic Formal Shoe
16043,Topwear,Highlander Men Check Blue Shirt
26614,Shoes,Puma Men Complete Itana 2 Black Sports Shoes
29261,Shoes,ADIDAS Men Mactelo White Sports Shoes
7419,Topwear,W Women Deep Neck Sleeveless White Kurta
13180,Shoes,Fila Men Dls Maxim Silver Sports Shoes
32550,Fragrance,Playboy Men Pack of 3 Deos
15396,Sandal,Fila Men Ronin White Slippers
46303,Fragrance,Jacques M Men Fragrance
12776,Topwear,Mother Earth Women Shilpis Collt Blue Kurtas
28468,Topwear,Urban Yoga Women Printed Lavender T-shirt
9395,Shoes,Nike Men Nike Lunareli +2 Black Sports Shoes
37963,Shoes,Clarks Women Black Handcrafted Leather Sandals
57869,Skin,Biotique Bio Saffron Dew Face & Body Cream
24945,Topwear,United Colors of Benetton Kids Girls Green Printed Top
42906,Belts,French Connection Women Grey Sweetie Skinny Belt
34798,Belts,Flying Machine Men Woven Black Belt
2614,Shoes,Carlton London Women Greek Beige Sandal
7926,Topwear,Proline Men Navy Striped Polo T-shirt
7203,Topwear,Jealous 21 Women Lady With The Hat Blue Top
19014,Topwear,ADIDAS Originals Women G Tee Birds White Tshirt
4868,Topwear,Levis Kids Boy's Darby Orange Polo Tshirt
33240,Topwear,Arrow Men Blue Striped Shirt
25309,Watches,CASIO Women Pink Dial Analogue Watch A534
56603,Makeup,Streetwear Eye Definer Blue Eye Liner 07
19570,Topwear,United Colors of Benetton Men Printed Blue TShirt
13186,Shoes,Fila Men Black Stradd Shoes
58456,Watches,Fossil Men Black Dial Analogue Watch AM4381
13767,Topwear,Belmonte Men Check Green Shirts
48185,Bags,Fossil Women Beige Maddox Handbag
22323,Topwear,Wildcraft Men Solid Red Wind Cheater
45930,Watches,Maxima Men Black Dial Watch
22774,Topwear,BIBA OUTLET Women Printed Off White Kurti
55060,Lips,Lakme Enrich Satins Lipstick 527
18445,Fragrance,Ed Hardy Love & Luck  Women Perfumes
11085,Topwear,Scullers Men Check Green Shirts
5988,Topwear,Locomotive Men Pink Checked Shirt
5192,Topwear,DC Comics Men's Superman Eagle Navy T-shirt
35706,Shoes,Nike Women Court Majestic White Shoes
35685,Shoes,U.S. Polo Assn. Men Navy Blue Shoes
11963,Sandal,Ganuchi Men Brown Sandals
36316,Topwear,Mr.Men Boys Mr. Messy White T-shirt
57852,Shoes,Catwalk Women Golden Heels
11193,Watches,Carrera Men Steel dial frame dial White Watches
41523,Socks,Basics Men Set of 3 Socks
23252,Shoes,Arrow Men Formal Tan Shoe
32771,Topwear,Batman Men Printed White T-shirt
10182,Shoes,Puma Women Style Cat White Casual Shoes
43185,Watches,Fastrack Men Gunmetal-Toned Dial Watch N9333PP02
30601,Topwear,Nike Men Sports Reversible Black T-shirt
25294,Bags,Lino Perros Women Sporty Navy Blue Handbag
13295,Topwear,Gini and Jony Kids Girls Printed Pink Tops
46546,Watches,Timex Men Black Dial Watch T2N522
12970,Shoes,ADIDAS Men Response Team White Sports Shoes
22676,Bags,Wildcraft Unisex Blue & Black Solid Backpack
9106,Topwear,Forever New Women Brown Top
57054,Dress,Elle Yellow Vintage Shift Dress
36298,Topwear,W Women White Printed Kurta
36746,Apparel Set,Mr.Men Boys Weeee!! White Clothing Set
2834,Shoes,Lee Cooper Men's Slip On Darknight Black Shoe
55428,Lips,Revlon MoistureStay Garnet Lipcolor 46
11681,Topwear,Lee Men Check Red Shirts
4486,Shoes,Lotto Men's Stadio Suprema Black White Shoe
55116,Makeup,Lakme Absolute Mattreal Beige Honey Skin Natural Mousse 05
48005,Watches,Helix Men Black Dial Watch
45017,Watches,Maxima Unisex Black Dial His and Hers Watches
12627,Topwear,Probase Men Printed Black Tshirts
47501,Shoes,Footfun Kids Unisex Red Shoes
48421,Topwear,French Connection Men Grey Printed T-shirt
18878,Topwear,Arrow Woman Fendy Purple Shirt
20385,Bags,Baggit Women Flare Baby Purple Handbag
29106,Headwear,Puma Unisex Graphic Black Cap
3308,Shoes,Asics Men's Gel Cushioning Running White Black Yellow Shoe
9410,Eyewear,Fastrack Unisex Brown Sunglasses
4594,Bags,Wildcraft Unisex Red & Grey Rucksack
16392,Topwear,Levis Men Check Red Shirts
4924,Topwear,Gini and Jony Girl's Velia White Peach Infant Kidswear
28214,Fragrance,YARDLEY Women English Lavender Deo
48346,Jewellery,Pitaraa Silver Nugget Long Necklace
33524,Shoes,Cobblerz Women Red Shoes
56444,Nails,Streetwear Shine Divine Cherry Divine Nail Enamel 16
3725,Topwear,Lee  Women's Blue T-shirt
21330,Eyewear,Louis Philippe Men Gold Frame Sunglasses
33196,Topwear,Sepia WomenPurple Printed Tunic
52756,Bags,Fiorelli Women Red Leather Handbag
10338,Topwear,United Colors of Benetton Men Solid Polo White Tshirts
22760,Topwear,BIBA Women Solid Navy Blue Kurta
9963,Topwear,Nike Men Tnfl Crew Black T-Shirts
17255,Topwear,U.S. Polo Assn. Men Printed Black Tshirt
12796,Topwear,Nike Women Grafitti Black T-shirt
10715,Topwear,Nike Women Training sports bra Black Tops
40473,Shoes,Fila Men Black Supercharger Sports Shoes
22130,Shoes,Provogue Men Black Formal Shoes
54729,Shoes,Vans Men Black Sk8-Hi Shoes
59833,Topwear,United Colors of Benetton Men Green Shirt
3289,Topwear,Guerrilla Men's I Like What I See White T-shirt
54131,Shoes,Rocia Women Brown Sandals
10874,Topwear,Wrangler Men Wrangler Station Navy Blue T-Shirts
19274,Watches,Guess Women Glisten Gold Watch
40669,Topwear,Lee Women Navy Blue Printed Shirt
25190,Bags,Lino Perros Women Striped Brown Handbag
17019,Shoes,Rocia Women Casual Brown Sandal
8986,Shoes,Puma Men Bluebird Red Shoe
57819,Dress,United Colors of Benetton Women Green Dress
9715,Shoes,Scholl Men Massagio Black Formal Shoes
33251,Shoes,Arrow Men Brown Formal Shoes
49900,Watches,Q&Q Kids Unisex White Dial Watch
40743,Headwear,Roxy Women Pink Cap
17271,Topwear,U.S. Polo Assn. Men Stripes DK.Grey Polo Tshirt
28401,Eyewear,Idee Women Black Sunglasses
37882,Socks,Happy Socks Unisex Black Socks
33910,Watches,Citizen Men White Dial Watch
18483,Shoes,Puma Women Soleil Cat Black Casual Shoes
7500,Topwear,Nike Women's Purple Polo T-shirt
19869,Flip Flops,ADIDAS Men Wires Green Flip Flops
9504,Topwear,John Miller Men Pink Solid Shirt
13518,Topwear,Probase Men Stripes Blue Shirts
55114,Makeup,Lakme Absolute White Intense Golden Medium Wet & Dry Compact 03
42967,Wallets,French Connection Men Black Wallet
58723,Topwear,Puma Men Navy Blue T-shirt
48473,Dress,French Connection Women Blue Dress
39780,Topwear,Peter England Men Yellow Casual Shirts
41238,Belts,Arrow Men Brown Belt
44175,Fragrance,Nike Fragrances Women Paradise Perfume and Deo Set
45937,Watches,Maxima Men White Dial Watch
27173,Topwear,Mark Taylor Men Striped Grey Shirt
49469,Shoes,Vans Men Maroon Vulcanized Canvas Shoes
16233,Topwear,Puma Men Ess Crew Grey Sweatshirt
31358,Topwear,Locomotive Brown Printed T-Shirt
16785,Watches,ADIDAS Originals Unisex Green Dial Watch ADH2545
57849,Shoes,Catwalk Women Blue Heels
56470,Nails,Streetwear Magenta Nail Polish 59
27749,Wallets,Bulchee Men Black Wallet
10807,Topwear,Wrangler Men Stampede Printed Stripe Black Shirts
22915,Eyewear,United Colors of Benetton Women Casual Olive Sunglasses
22845,Shoes,Woodland Men Olive Casual Shoes
46652,Fragrance,Rasasi Men Knowledge Deo
3861,Topwear,Ed Hardy Men's White Blue Dragon T-shirt
36818,Topwear,Vishudh Women Black Kurta
26175,Shoes,Rocia Women Black Casual Sandals
33638,Flip Flops,Lotto Men ACCU Red & Black Flip Flops
38412,Belts,Baggit Women Brown Sunshine Belt
39167,Topwear,Aneri Women Pink Printed Kurta
6646,Shoes,Nike Men's Air Trail Ridge Black Shoe
56811,Topwear,Aneri Women Printed Pink Kurti
27347,Topwear,Tantra Women 3G Red T-shirt
46689,Fragrance,Rasasi Men Privacy Perfume
48123,Belts,Fossil Women Black Huarache Weave Belt
20314,Topwear,Locomotive Men Check Grey Shirt
5898,Shoes,Puma Men Tekkies Jam Blue Shoe
3915,Topwear,Urban Yoga Men's Suryanamaskar Red T-shirt
50163,Shoes,Rocia Women Black Heels
59763,Shoes,Rocia Women Black Wedges
53440,Shoes,ADIDAS Men Red Pre L Boot Sports Shoes
38191,Eyewear,Polaroid Unisex Sunglasses
4412,Topwear,Pink Floyd Black Original Dark Side Black T-shirt
26659,Shoes,Puma Men White Basics Shoes
8078,Sandal,ADIDAS Men Zeitfrei Slide Sc Blue Sandals
13524,Topwear,Jealous 21 Women Solid Purple Tops
32293,Watches,Q&Q Men Black Dial Watch
16973,Sandal,Puma Men Cooper Black Sandal
57079,Dress,Elle Women Blue Jumpsuit
35677,Shoes,U.S. Polo Assn. Men Brown Leather Casual Shoes
39146,Apparel Set,Aneri Women Purple Ombre Churidar Kurta & Dupatta Set
17277,Topwear,U.S. Polo Assn. Men Printed Navy Blue Tshirt
22681,Bags,Wildcraft Unisex Black Revolution Backpack
18493,Sandal,Puma Men Duncan Multi Slipper
56521,Lips,Streetwear Satin Smooth Pink Rush Lipcolor 65
3566,Shoes,ADIDAS Men's White Silver Running Shoe
30245,Flip Flops,Numero Uno Men Red Flip Flop
31128,Dress,Gini and Jony Girls Printed Teal Dress
2826,Shoes,Lee Cooper Men Leather Semi Formal Brown Shoe
32428,Topwear,ADIDAS Men Red Jersey
42228,Topwear,Sepia Women White & Green Top
30766,Topwear,Fabindia Men Blue Matka Silk Kurta
23206,Topwear,Highlander Men Blue Check Shirt
40019,Topwear,ADIDAS Men Blue T-shirt
20384,Topwear,Urban Yoga Men Printed Blue Tshirt
23196,Topwear,Highlander Men Green Check Shirt
42600,Topwear,United Colors of Benetton Women Orange Top
18935,Topwear,Levi's Men Graphic Print Blue Tshirt
13670,Sports Equipment,Puma Unisex Liga XL Football
24659,Socks,ADIDAS Originals Men Black Casual Socks
49483,Shoes,Vans Men Black Casual Shoes
16539,Topwear,Basics Men White Slim Fit Striped Shirt
30233,Shoes,Numero Uno Men White Shoes
9955,Topwear,Nike Men Blue Polo Tshirts
2886,Shoes,Catwalk Women Leather Brown Flats
34461,Bags,ADIDAS Unisex Black BTS Backpack
32162,Socks,Playboy Women Playmate Black Ankle Socks
31582,Topwear,Mark Taylor Men Printed Blue T-shirt
3620,Flip Flops,Puma Women's Coral Green White Flip Flop
58467,Belts,Fossil Men Brown Belt
27342,Fragrance,Miss Sixty Women Perfume
5971,Topwear,Locomotive Men Blue Black Grey Checked Shirt
41521,Socks,Basics Men Set of 3 Socks
45114,Watches,Casio Enticer Men Silver Analogue Watch MTP-1233D-7ADF(A190)
5488,Topwear,Mr.Men Men's Must Sleep Mulberry T-shirt
19429,Topwear,Quiksilver Men Red Check Shirt
59859,Skin,Olay Women White Radiance Advanced Fairness Protective Lotion SPF 24
38586,Topwear,Nike Women Pink Crew T-shirt
14950,Topwear,Status Quo Men Stripes Purple Tshirts
44976,Watches,Maxima Attivo Men Black Dial Watch
21443,Topwear,Roxy Women Blue T-shirt
54879,Jewellery,Ivory Tag Women Petal Sheen Multocolour Necklace
4691,Watches,ADIDAS Unisex New York Original Digital Red Watch
21972,Bags,Murcia Women Casual Peach Handbag
25634,Watches,Fastrack Women Black Dial Watch N6035SL02
12060,Topwear,W Women Printed White Kurtas
30642,Topwear,Nike Men Printed White T-shirt
15887,Sandal,Warner Bros Kids Girls TW Big Facelog Blue Sandals
33110,Shoes,Catwalk Women Black Peep Toes
7249,Shoes,Rockport Men's Monte Road Light Tan Brown Shoe
31035,Topwear,Arrow Sport Men Striped White Polo T-shirt
46300,Fragrance,Jacques M Women Perfume
46810,Topwear,Nike Women Yellow T-shirt
21916,Apparel Set,Biba Women Green & Black Printed Churidar Kurta with Dupatta
39944,Shoes,GAS Men Grey Namib Shoes
38304,Wallets,Reid & Taylor Men Black Wallet
9912,Bags,Puma Unisex Dizzy Barrel Black Duffle Bag
17838,Shoes,Nike Women Steady VIII White Casual Shoe
54152,Jewellery,Femella Golden Necklace
31061,Topwear,Fabindia Women Rust Dupatta
3518,Topwear,Myntra Men's I Have Multiple Personalities Navy Blue T-shirt
11078,Topwear,Scullers Men Stripes Grey Sweaters
5439,Topwear,Nike Men's Red Polo T-shirt
1673,Topwear,Reebok Mens Lagoon Black T-shirt
41784,Dress,Remanika Women Purple Dress
13287,Topwear,Gini and Jony Kids Boys Check Black Shirts
9020,Flip Flops,Buckaroo Men Dios Brown Flip Flops
24946,Topwear,United Colors of Benetton Kids Girls White Printed Top
44056,Fragrance,Dunhill Men Black Edt 50 ml Perfume
46388,Topwear,ADIDAS Men White Printed T-shirt
34583,Topwear,Tonga Women Peach-Coloured Top
29486,Topwear,Indigo Nation Men White Printed T-shirt
2912,Shoes,Catwalk Women Wedding Gold Crystal Heels
2677,Topwear,Inkfruit Men's Vespa Green T-shirt
36206,Topwear,Gini Jony Boys Black Shirt
40262,Topwear,Scullers Men White & Blue Check Shirt
9074,Topwear,Mark Taylor Men Solid White Shirts
46051,Jewellery,Estelle Gold Earrings
12492,Topwear,John Miller Men Solid Blue Shirts
21420,Topwear,Roxy Women Blue Top
8308,Shoes,Skechers Men's Sports Blue Yellow Shoe
41742,Shoes,Catwalk Women Brown Sandals
40237,Socks,Provogue Men Pack of 3 Striped Socks
20573,Belts,Baggit Women Chotu Mayur Black Belt
45615,Shoes,Arrow Men Black Shoes
10882,Topwear,Wrangler Men Blue American Photo Print T-shirt
48972,Jewellery,Lucera Women Gold Ring
49515,Watches,Police Men Black Dial Watch PL12897JS-02M
55027,Lips,Lakme Absolute Matte Pink Princess Lipstick 204
15515,Shoes,Rockport Men Utara L2T Grey Casual Shoes
51075,Free Gifts,Satya Paul Cream and Brown Saree
47185,Shoes,Ganuchi Men Black Shoes
55624,Shoes,Numero Uno Men Black Formal Shoes
14082,Topwear,Flying Machine Men Solid Blue Sweaters
46975,Bags,Bulchee Women Green Handbag
42069,Wallets,American Tourister Men Black Organisation Wallet
25571,Shoes,Fila Men Superior White Sports Shoes
55300,Makeup,Lakme Shadow Artist Shimmer Stick
58293,Socks,Jockey LCESCBRA Men Pack of 3 Socks 2004
42092,Flip Flops,ADIDAS Men Blue Ripple Flip Flops
36439,Shoes,Spinn Men Cubic Black Sports Shoes
14820,Belts,United Colors of Benetton Men Stripes Green Belts
24121,Shoes,Puma Women White Trinity Casual Shoes
2374,Shoes,Red Tape Semi Casual Men's Shoe
45201,Watches,CASIO ENTICER Men White Dial Chronograph Watch A656
16825,Topwear,Little Miss Women Printed Purple T-shirt
54582,Topwear,Sushilas Women Printed Blue Kurta
4914,Topwear,Gini and Jony Girl's Gloria White Peach Kidswear
5698,Shoes,Skechers Men's Liquid Roggers Brown Shoe
51728,Eyewear,Allen Solly Women Oversized Sunglasses AH220-C1
11593,Topwear,W Women Printed Blue Kurtis
48767,Jewellery,Miki Pearl Women Ivory Jewellery Set
35890,Topwear,Jungle Book Boys Sherekhan Navy Blue T-shirt
51543,Watches,Fastrack Women Black Dial Watch
28182,Eyewear,Ray-Ban Men Aviator Copper Sunglasses
12058,Topwear,W Women Printed Brown Kurtas
26387,Topwear,Turtle Men Printed White T-shirt
51554,Watches,Fastrack Men Black Dial Watch
10851,Topwear,Wrangler Men Applique Polo Brown T-Shirts
28255,Fragrance,Fogg Men Royal Deo
52886,Saree,FNF Green Printed Sari
20323,Topwear,Mother Earth Women Printed Black Kurta
40011,Eyewear,Park Avenue Men Brown Frame Sunglasses
46306,Belts,ADIDAS Men Grey Urban Belt
44040,Fragrance,Hugo Women XX Perfume
44860,Topwear,Puma Men Red T-shirt
58203,Belts,New Hide Men Black Belt
2702,Topwear,Disney Kids Girl's Blue Check Kidswear Shirt
20566,Bags,Baggit Women Penguin Baby Purple Handbag
11874,Shoes,Franco Leone Men Casual Black Sandals
38322,Bags,Puma Unisex Grey Backpack
17816,Sandal,Lee Cooper Men  Brown Sandal
37333,Watches,DKNY Women White Dial Watch NY8484
11440,Topwear,United Colors of Benetton Women Light Winter White Top
33199,Dress,Sepia Women Printed Red Dress
20777,Shoes,Carlton London Women Classy Gold Sandals
49061,Shoes,Flying Machine Men Brown Shoes
6076,Topwear,UCB Men's Polo Neck Striper White Yellow T-shirt
51724,Eyewear,Allen Solly Men Sunglasses AS232-C2
3956,Topwear,Jealous 21 Women Pink Clever Disguise Top
39883,Bags,ADIDAS Unisex Blue Duffle Bag
47108,Sandal,Marvel Boys Black Sandals
8163,Topwear,Highlander Men Red Checked Halden Slim Fit Shirt
2628,Shoes,Carlton London Women Four Strapped Gold Sandal
42722,Shoes,Rocia Women Brown & Beige Sandals
19717,Topwear,United Colors of Benetton Men Check Blue Shirt
51339,Socks,Raymond Men Brown Socks
43828,Jewellery,Royal Diadem Green Earrings
37981,Topwear,Classic Polo Men Striped Navy Blue & White T-Shirt
23483,Scarves,Arrow Men Blue Check Scarf
43158,Watches,Fastrack Women White Dial Watch
46956,Fragrance,York Women Miss Cool EDT Perfume
40403,Topwear,Tonga Women Beige & Brown Top
13000,Shoes,Inc 5 Women Casual Black Heels
48617,Jewellery,Lucera Women Silver Earrings
59648,Saree,FNF Multicoloured Evening Wear Sari
25439,Wallets,Lee Men Fashion Brown Wallet
9778,Topwear,ADIDAS Men  White Polo Tshirts
4781,Topwear,ADIDAS Women's Balance Brown T-shirt
52851,Jewellery,Adrika Black Earrings
55140,Nails,Lakme Truewear Color Crush 25 Nail Polish
5890,Topwear,Puma Men's Graphics Story Green T-shirt
10225,Bags,Murcia Women Hahk Beige Handbags
18468,Fragrance,Reebok Reelive Women Perfumes
3682,Topwear,Inkfruit Men's Bring Back 80''S Blue T-shirt
35806,Shoes,Enroute Women Orange Flats
55576,Makeup,Revlon Photo Ready Fair / Light Compact 01
50733,Sandal,Red Chief Men Tan Sandals
54944,Topwear,Do u speak green Men Navy Blue T-shirt
48622,Jewellery,Lucera Women Silver Earrings
19078,Topwear,W Women Floral Print Off White Kurta
39365,Watches,Timex Helix Women White Dial Watch
16190,Topwear,Puma Men Heroes Navy Blue Jackets
16831,Topwear,Little Miss Women Printed Green T-shirt
42992,Shoes,Nike Men White Ballista Sports Shoes
13106,Topwear,ADIDAS Men Sf Striped Hood Blue Sweatshirts
47109,Shoes,Marvel Boys White Shoes
41443,Shoes,Lee Cooper Men White Sports Shoes
17765,Shoes,Buckaroo Men Nieves Brown Formal Shoe
39553,Wallets,Hidekraft Women Black Wallet
32538,Fragrance,Playboy Men Ibiza Perfume
57174,Topwear,Elle Women Dark Pink T-shirt
18240,Topwear,Manchester United Men Solid Red Tshirt
51686,Eyewear,Louis Philippe Men Golden Sunglass
54696,Topwear,Shree Women Navy Blue and White Printed Kurta
8071,Shoes,New Balance Women Silver Sports Shoes
41455,Sandal,Lee Cooper Men Grey Sandals
4487,Shoes,Lotto Men's Play Off Black Blue Shoe
13945,Topwear,United Colors of Benetton Men Printed Red Tshirts
29730,Bags,Kiara Women Teal Handbag
2035,Topwear,ADIDAS Mens Round Neck Black T-shirt
6690,Topwear,UCB Men's United Colors Flock Red T-shirt
54063,Fragrance,Fogg Men Napoleon Deo
26343,Watches,DKNY Women White Dial Watch NY8305
48021,Watches,Helix Women White Dial Watch
3215,Shoes,Nike Men's Flyclave White Shoe
1892,Topwear,FIFA Men Full Sleeves Hoody Sweatshirt
44661,Bags,Nike Unisex Black Training Shoe Backpack
59290,Watches,Titan Men Black Dial Watch
24493,Bags,Wildcraft Unisex Olive Green Backpacks
25887,Bags,American Tourister Unisex Brown Wanderer Backpack
40404,Topwear,Tonga Women Red & Cream-Coloured Top
39180,Topwear,Aneri Women Black Kurta
18352,Socks,Fila Men Grey Socks
17489,Shoes,Rockport Women Beige Flats
16954,Eyewear,Image Men Classic Eyewear Black Sunglasses
26114,Topwear,John Miller Men Purple Shirt
46807,Shoes,Nike Men Grey Sports Shoes
26536,Shoes,ID Men White Shoes
58797,Topwear,Highlander Men Grey Melange Shirt
22253,Shoes,ID Men Red Casual Shoes
48859,Jewellery,Lucera Women Silver Pendant with Chain
2130,Topwear,Basics Men Green & White Slim Fit Shirt
17386,Mufflers,Reid & Taylor Men Solid Black Muffler
42668,Topwear,Alma Women Green Kurta
33379,Wallets,Baggit Women Yuvraj Jhuti Purple Wallet
3969,Topwear,Jealous 21 Women Black V Neck With Sequins Top
31654,Topwear,Indigo Nation Men Black Shirt
32578,Topwear,ONLY Women Black Chiffon Top
49363,Shoes,Vans Men Beige Casual Shoes
51708,Eyewear,Van Heusen Unisex Sunglasses VH214-C3
3365,Topwear,Myntra Men's Brain Black T-shirt
18715,Topwear,Arrow Woman Shanna Magenta Top
24918,Topwear,United Colors of Benetton Women Black Top
2274,Topwear,Nike Mens AS White T-shirt
28340,Eyewear,Idee Men Black Sunglasses
59565,Cufflinks,Revv Men Steel Cufflinks
34183,Topwear,Gini and Jony Boys Green T-shirt
24294,Socks,Quiksilver Men High Navy Blue Socks
14454,Shoes,Enroute Women Casual Taupe Casual Heels
15061,Shoes,Franco Leone Men Black Formal Shoe
47298,Bags,Baggit Women Purple Bag
46278,Topwear,109F Women Red & White Striped Tunic
54634,Watches,Fastrack Men Grey Dial Watch
19942,Bags,Nike Unisex Casual Black Duffle Bag
4618,Topwear,Jealous 21 Women Knit Design Pink Top
34317,Topwear,Myntra Men Red Freedom Warior T-shirt
42727,Shoes,Rocia Women Black & Beige Sandals
7373,Sandal,Red Tape Men Casual Black Floater
54164,Jewellery,Femella Blue Necklace
9436,Headwear,Nike Unisex Rafa Bull Log Black Caps
53563,Watches,Q&Q Unisex White Analog Dial Watches
12004,Topwear,Mark Taylor Men White Striped Shirt
55177,Nails,Lakme Absolute Fast & Fabulous Fizzy Pink Nail Polish 20
6586,Topwear,Inkfruit Men's Evening Music Royal Blue T-shirt
40181,Eyewear,Fastrack Men Revo Coated Sporty Wrap Sunglasses
44115,Fragrance,Baldessarini Men Delmar Perfume
3288,Topwear,Guerrilla Men's I Like What I See Navy Blue T-shirt
43150,Watches,Fastrack Men Black Dial Watch
20844,Mufflers,Scullers Men Casual Grey Muffler
6884,Topwear,Forever New Women Ivory Cream Jacket
41599,Topwear,Basics Men Blue Shirt
5903,Shoes,Puma Men's Faas 300 Red Shoe
11973,Shoes,FILA Men Impact White Sports Shoes
51407,Topwear,Myntra Men Blue Shirt
38164,Eyewear,Miami Blues Men Sunglasses
41822,Shoes,Skechers Women Grey & White Sports Shoes
43217,Watches,Fastrack Women Black Dial Watch
8625,Eyewear,Fastrack Unisex Sunglasses
18169,Dress,Doodle Kids Girls Party Frock Pink Dress
38421,Belts,Baggit Women Black Capture Belt
3171,Shoes,Nike Men's Air Max White Grey Shoe
43680,Dress,French Connection Women Printed Red Dress
43678,Dress,French Connection Women White Dress
44554,Sandal,Coolers Men Black Sandals
12806,Topwear,Nike Men Zip Grey Sweatshirts
25105,Belts,Lino Perros Women Black Belt
14425,Shoes,Enroute Women Casual Tan Flats
44949,Fragrance,Kama Sutra Men Travel Mate Pack of 3 Deos
30057,Watches,SKAGEN DENMARK Men Grey Dial Watch 858XLSLC
26743,Fragrance,Reebok Men Reenergize Deo
17408,Socks,Reid & Taylor Men NA Black Socks
7548,Topwear,Nike Men's As Walkthrough Black T-shirt
8930,Wallets,Puma Men Originals Billfold Black Wallet
5008,Dress,Gini and Jony Girl's Salome Blue Kidswear
33540,Topwear,Wrangler Women Maddy Red Top
31361,Topwear,Locomotive Men Printed Grey T-shirt
46691,Fragrance,Rasasi Women Instincts Perfume
2480,Topwear,Puma Men's Foundation Navy Blue Polo T-shirt
24539,Topwear,Mother Earth Women Red  Printed Kurti
19318,Bags,Nike Unisex Classic Base Blue Backpack
44643,Dress,Arrow Woman Black Dress
35263,Topwear,Lee Women Beth Purple Check Shirt
55358,Nails,Revlon Brazil Nut Brown Nail Polish 385
19741,Headwear,United Colors Of Benetton Women Black Cap
14773,Topwear,Arrow Men Stripes Black Shirts
46251,Topwear,Fusion Beats Women Mustard Printed Tunic
26212,Fragrance,Perry Ellis Men Perfume
21305,Eyewear,Celine Dion Women Purple Frame Sunglasses
27819,Belts,Bulchee Men Padded Chino Brown Belt
21957,Bags,Murcia Women Casual Black Handbag
36352,Ties,Reid & Taylor Men Maroon Dotted Tie
41910,Fragrance,Playboy Men New York Fragrance Gift Set
20223,Topwear,Wrangler Women Scoop Navy Blue Sleeveless Sweater
3373,Shoes,Asics Women GT 2160 Performance Silver Pink Shoe
19645,Topwear,United Colors Of Benetton Women Brown Top
19851,Topwear,U.S. Polo Assn. Men Solid Purple Shirt
32189,Shoes,ADIDAS Men Exerta Silver Sports Shoes
43529,Topwear,French Connection Women Red & Blue Top
11383,Topwear,United Colors Of Benetton Women Light Winter Black Tops
48409,Topwear,French Connection Men Orange & Grey T-shirt
21691,Watches,FOSSIL Women White Dial Chronograph & Analogue Watch ES2348
18400,Shoes,Skechers Men Fusion Grey Shoe
21778,Belts,Fossil Men Maxim Brown Belt
39955,Flip Flops,Gas Men Brown & Blue Flip Flops
10194,Watches,Carrera Men Sqaure dial leather strap Black Watches
22667,Bags,Wildcraft Unisex Black & Red Duffel Bag
35501,Sandal,Bata Men Macho Black Sandals
7381,Shoes,Red Tape Men's Dark Brown Oxford Formal Shoe
33695,Shoes,Cobblerz Men Black Leather Semi-Formal Shoes
4761,Topwear,ADIDAS Men's Stripe Polo Green Grey T-shirt
47002,Topwear,Shree Women Rust Kurta
43763,Jewellery,Royal Diadem Rust Earrings
28563,Topwear,Nike Men Brushed Orange T-shirt
25678,Watches,Fastrack Women White Casual Watch
36051,Bags,OTLS Unisex Green Dual Flap Bag
11811,Topwear,Vishudh Women Pigment Print Black Kurtas
4243,Topwear,Probase Men's Against All Odds Blue T-shirt
21181,Flip Flops,ADIDAS Men Adi Stars Tread Yellow Flip Flops
10698,Watches,Esprit Women Houston Red Ice Red Watch
44712,Flip Flops,Lotto Men Black Campione Flip Flop
21202,Flip Flops,Quiksilver Men Multi Milokai Print Flip Flops
33142,Topwear,Gini and Jony Boys Printed Blue T-shirt
21899,Topwear,BIBA Women Printed Pink Kurta
58275,Bags,Baggit Women Pink Sling Bag
6404,Sandal,Lotto Men Quick Sports Yellow Floater
30037,Watches,SKAGEN DENMARK Men Silver-Toned Dial Watch 233LSS
14093,Topwear,Flying Machine Men Stripes Red Tshirts
51232,Topwear,Satya Paul Women Green Printed Kaftan
48762,Jewellery,Miki Pearl Women Ivory Jewellery Set
14295,Topwear,Classic Polo Men Printed pack of 3 Tshirts
36342,Ties,Reid & Taylor Men Pink Tie
28851,Topwear,Proline Charcoal Grey Polo T-shirt
25608,Watches,Fastrack Men Black Casual Watch
57881,Skin Care,Biotique Bio Honey Gel Lightening Foaming Cleanser
48145,Wallets,Fossil Women Brown Wallet
19146,Topwear,United Colors of Benetton Men Solid Grey Sweatshirt
3677,Shoes,Fila Men's Spanker Black Shoe
6692,Socks,Asics Unisex 2 Pairs 5 Toes SVS White Logo Blue Purple Socks
58902,Ties,Hakashi Men Yellow Silk Tie
1860,Topwear,Inkfruit Mens Shiva T-shirt
19232,Ties,United Colors of Benetton Men Woven Black Tie
36945,Shoes,Fila Men DLS Temporal Grey Sports Shoes
2028,Topwear,ADIDAS Men Classic Navy Blue T-shirt
2785,Topwear,Ediots Men's Zindagi Jhand Hai Black T-shirt
58652,Topwear,ALayna Women Black Kurta
27357,Topwear,Tantra Men Feel No Pain Blue T-shirt
4482,Shoes,Puma Men Faas Red Silver Green Shoe
12142,Topwear,Aurelia Women Solid Purple Kurtas
19288,Watches,Guess Women Party Girl Red Watch
45781,Topwear,Remanika Women Black and White Top
45620,Shoes,Arrow Men Brown Casual Shoes
8194,Topwear,Locomotive Men Solid Poplin Lambert Navy Blue Shirts
37791,Topwear,John Players Men Solid Blue Shirt
56108,Lips,Colorbar Mettalics Bare Necessity Lip Gloss 001
54586,Topwear,Sushilas Women Printed Green Kurta
17503,Topwear,Classic Polo Men Stripes Black Polo T-Shirt
53928,Bags,Kiara Women White Handbag
35048,Topwear,Fabindia Women Silk Green Kurta
11524,Topwear,United Colors of Benetton Men Blue Sweatshirt
43936,Shoes,Catwalk Women Black Heels
43784,Jewellery,Royal Diadem Maroon Earrings
22167,Shoes,Timberland Men Brown Casual Shoes
33190,Topwear,Sepia Women Printed Grey Tunic
56885,Shoes,HM Women Red Heels
19974,Topwear,United Colors of Benetton Women Yellow T-shirt
9338,Topwear,Puma Men Heroes Graphic White Tshirts
7169,Topwear,Scullers Men Scul Navy Blue Shirt
59658,Saree,FNF Red & Blue Printed Sari
32862,Bags,Wildcraft Unisex Grey & Pink Backpack
3799,Topwear,Tantra Kid's Cartoon Pink Kidswear
50426,Bags,Lino Perros Unisex Khaki Bag
11019,Topwear,Wrangler Women Check Purple Shirt
27781,Wallets,Bulchee Men Brown Wallet
24213,Shoes,Nike Men Transform III Black Sports Shoes
17662,Shoes,Catwalk Women Buckel Black Heels
21520,Bags,Kiara Women Classic Black Handbag
13668,Topwear,Genesis Men Blue Square Shirt
35237,Shoes,Fortune Men Black Casual Shoes
33058,Topwear,U.S. Polo Assn. Denim Co. Men Navy Blue Shirt
9756,Topwear,Classic Polo Men Ikon Maroon Polo Tshirts
55253,Makeup,Lakme Glide On Aqua Marine Eye Color
4512,Shoes,Lotto Women Osaka Grey Violet Shoe
54875,Jewellery,Ivory Tag Women Glistening Agate Cream Necklace
54111,Shoes,Rocia Women Copper Flats
7347,Topwear,Tantra Men's Buddha Trance Purple T-shirt
8754,Sandal,Crocs Kids Duet Red Floater
14298,Topwear,Classic Polo Men Printed pack of 3 Tshirts
56527,Lips,Streetwear Satin Smooth Plum Brown Lipstick 39
48220,Eyewear,United Colors of Benetton Women Black Sunglasses
34655,Shoes,Fila Men Cerchi Lite White Sports Shoes
56657,Shoes,United Colors of Benetton Men Red Shoes
46529,Watches,Timex Men Silver Toned Dial Watch
36404,Socks,Reid & Taylor Men Green Socks
6258,Topwear,Lee Women's Jannis Grey Navy T-shirt
43167,Watches,Fastrack Women Purple Dial Watch
13151,Topwear,Puma Men Jersey Blue Polo Tshirts
37428,Bags,Murcia Women Red Handbag
8783,Topwear,Indigo Nation Men Bling PC Red Shirt
15088,Topwear,Mother Earth Men Printed Black Kurtis
14305,Sandal,Disney Unisex Casual Red Sandals
4454,Shoes,ADIDAS Men's Brown Color Canvas Shoe
23935,Shoes,Lotto Men White Pesa Slip-On Casual Shoes
4071,Shoes,Numero Uno Women Canvas Grey Purple Shoe
32171,Socks,Playboy Women Blue Socks
39340,Shoes,FILA Men Oliver Black Sports Shoes
33879,Watches,Citizen Men Black Dial Watch
36464,Shoes,Spinn Men Viking White Shoes
3603,Flip Flops,Puma Unisex Splash Red Black Flip Flop
14833,Belts,United Colors of Benetton Men Solid Brown Belts
9923,Bags,Puma Unisex Dazzle Shopper Black Bags
48575,Jewellery,Revv Men Steel Bracelet
39549,Bags,Hidekraft Women Green Handbag
13095,Topwear,ADIDAS Men Cfc Auth Hood Green Sweatshirts
17149,Bags,United Colors of Benetton Unisex Blended Grey Backpack
21558,Bags,Kiara Women Front Pocket Black Handbag
55625,Shoes,Numero Uno Men Brown Formal Shoes
30803,Topwear,Fabindia Men Blue Shirt
2623,Shoes,Carlton London Women Black Sandal
46290,Shoes,ADIDAS Men Black Hangkok Sports Shoes
10394,Watches,Puma Men Cardiac Red Watches
9367,Socks,Puma Men Ftpa Blue Socks
54016,Bags,Kiara Women Red Handbag
55301,Makeup,Lakme Shadow Artist Shimmer Stick
56541,Lips,Streetwear Satin Smooth Brides Mate Lipcolor 05
54966,Shoes,Woodland Men Olive Green Shoes
54564,Topwear,Sushilas Women Printed Maroon Kurta
3045,Topwear,Tantra Men's Tiger Black T-shirt
46031,Jewellery,Estelle Pendant With Chain
22963,Flip Flops,Fila Men Red & Navy Blue Cage Flip Flops
56601,Makeup,Streetwear Eye Definer Rose Eye Liner 10
34471,Sandal,Puma Women Grey Sandals
23173,Topwear,Mark Taylor Men Grey Printed T-shirt
27331,Perfumes,Jovan Women Black Musk Perfume
8303,Shoes,Reebok Men's Game Trainer White Shoe
59587,Cufflinks,Revv Men Black and Steel Cufflinks
6994,Topwear,Classic Polo Men's Dark Grey With Black Purple Stripes T-shirt
49846,Watches,Q&Q Men Black Dial Analog Watch
30198,Bags,Nike Unisex Casual Blue Backpack
11686,Topwear,Lee Men Blue & Green Striped Shirt
1671,Topwear,Reebok Men Black Polo T-shirt
15457,Sandal,Reebok Men Windstar Yellow Sandals
33649,Sandal,Lotto Men Stride Black Sandals
46822,Shoes,Catwalk Women Multicoloured Heels
11006,Watches,Puma Men Race Luminous Black Chronograph Watch
44886,Topwear,Puma Men Black Polo T-shirt
50741,Shoes,Red Chief Men Black Shoes
9339,Topwear,Puma Men Ducati Graphic White Tshirts
35383,Shoes,Enroute Boys Charcoal Shoes
19293,Watches,Guess Women Rosette White Watch
17917,Topwear,Nike Men Purple Sweatshirt
54127,Shoes,Rocia Women Black Heels
26688,Sandal,Puma Men Harz Olive Sandals
48039,Watches,Nautica Men Black Dial Chronograph Watch
7390,Shoes,Red Tape Men Brown Shoes
13704,Shoes,Clarks Women Prize Club Beige Wedges
10834,Topwear,Wrangler Men Grey Polo Tshirts
14075,Topwear,Flying Machine Men Printed White Tshirts
6024,Topwear,UCB Women's Boat Neck Chest Print Green T-shirt
59361,Topwear,Vishudh Women White Printed Kurta
8979,Shoes,Puma Men Driving Power Lo SF Black Sports Shoes
33353,Shoes,Homme Men Black Formal Oxford Shoes
40096,Topwear,ADIDAS Men Blue T-shirt
19111,Topwear,Campbell Men Pack of 3 Solid Tshirts
22800,Topwear,Locomotive Men Blue Check Shirt
17176,Topwear,U.S. Polo Assn. Men Checks Green Shirt
15275,Socks,Nike Men Pack of 3 Sports Socks
29420,Watches,Giordano Men White Dial Watch
36361,Ties,Reid & Taylor Men Black Tie
11578,Topwear,W Women Printed Blue Kurtas
34734,Shoes,Puma Women Osuran White Sports Shoes
5699,Shoes,Skechers Men's Striking Black Shoe
30805,Topwear,Fabindia Men Striped Green Shirt
18415,Shoes,Skechers Men USA Brown Shoe
43106,Fragrance,Reebok Men Reespark Deo
5604,Flip Flops,Nike Men's Splash Thong Brown Grey Flip Flop
59432,Bags,Spice Art Women Black Handbag
16644,Topwear,Facit Men Smart Orange Tshirt
12194,Topwear,Basics Men Blue Striped Polo T-shirt
23121,Flip Flops,Converse Unisex Blue Flip Flops
46384,Topwear,ADIDAS Men Black Printed T-shirt
5341,Shoes,Carlton London Women Silver Floral Print Sandals
26528,Shoes,Gas Men Walk Black Casual Shoes
39466,Topwear,Diva Women Pink Kurta
26426,Bags,Spice Art Women Leatherette Bronze Handbag
15856,Sandal,Warner Bros Kids Unisex TJ Hit & Chase Flops Red Slippers
39715,Shoes,Catwalk Women Brown Wedges
22709,Shoes,Nike Women White Air Dictate MSL Sports Shoes
55844,Nails,Colorbar Pro Plum de La Plum Nail Lacquer 051
29808,Topwear,Basics Men Blue Checked Slim Fit Shirt
31282,Topwear,Puma Men Bonn Graphic Green T-shirt
26105,Topwear,John Miller Men Striped Purple Shirt
23151,Topwear,Genesis Black Formal Shirt
58076,Jewellery,Rreverie Multi Coloured Earrings
6689,Socks,Asics Unisex 2 Pairs 5 Toes SVS White Black Socks
29893,Eyewear,Mayhem Women Sunglasses 1012-162
37303,Watches,Casio Enticer Women Silver Analogue Watches (A535) LTP-2069D-6AVDF
46726,Fragrance,Rasasi Women Hope Perfume
11889,Shoes,Franco Leone Men Formal Tan Formal Shoes
29955,Eyewear,Cat Men Steel Sunglasses
25250,Bags,Lino Perros Women Brown Handbag
25031,Topwear,Nike Men Black Puffer Jacket
59978,Dress,Avirate Brown & Grey Check Dress
29246,Topwear,ADIDAS Men Orlando Blue Jersey
47347,Bags,Baggit Women Teal Bag
16080,Eyewear,Mayhem Women Oval Sunglasses 9002-204
32499,Topwear,Scullers Men Olive Shirt
46587,Shoes,Catwalk Women Brown Flats
49011,Jewellery,Lucera Women Silver Ring
24923,Topwear,United Colors of Benetton Women Pink Top
19594,Topwear,United Colors of Benetton Men Striped Black TShirt
19801,Topwear,U.S. Polo Assn. Men Solid Blue Tshirt
17831,Shoes,Nike Men Air Max 1 Black Casual Shoe
32653,Topwear,Nike Women Sphere Purple T-shirt
13475,Shoes,Rocia Women Brown Flats
50833,Belts,New Hide Men Black & Brown Reversible Belt
18653,Flip Flops,Fila Men Cush Flex Black Slippers
25632,Watches,Fastrack Women Pink Dial Watch
45912,Watches,Maxima Women Silver Dial Watch
38027,Watches,Q&Q Attractive Women Pink Dial Watch
46642,Fragrance,Rasasi Men Romance Deo
22172,Shoes,Timberland Men Tan Casual Shoes
3697,Topwear,Tantra Women Cool Pink Long T-shirt
38964,Bags,Wildcraft Unisex Red Rucksack
48232,Eyewear,United Colors of Benetton Women Black Sunglasses
14676,Topwear,Basics Men Brown Slim Fit Checked Shirt
53770,Topwear,Puma Men Black T-shirt
59533,Jewellery,Lucera Silver Earrings
46987,Bags,Bulchee Women Charcoal Handbag
43162,Watches,Fastrack Women Silver Dial Watch
33292,Topwear,Arrow Sport
14558,Shoes,Vans Men Rowley SPV Navy Blue Casual Shoes
28411,Eyewear,Idee Men Copper Sunglasses
37248,Shoes,United Colors of Benetton Men Brown Shoes
40417,Topwear,Tonga Women Beige & Purple Top
40150,Topwear,Gini and Jony Boys Surfs Up Grey T-shirt
45617,Shoes,Arrow Men Brown Formal Shoes
10217,Bags,Murcia Women Kkhh Pink Handbags
10739,Flip Flops,Disney Unisex Kids Basic Black Flip Flops
23835,Shoes,ADIDAS Men Grey Portland Sports Shoes
31995,Socks,Playboy Men Navy Socks
56609,Makeup,Streetwear Stay On Warm Compact
42514,Topwear,Mother Earth Women Blue Kurti
48467,Dress,French Connection Women Red Dress
34509,Sandal,ADIDAS Women Feather Black & Pink Sandals
15031,Topwear,ADIDAS Women Stripes Pink Sweaters
9017,Belts,Fastrack Unisex Non Leather Brown Belts
37075,Bags,Lino Perros Women Blue Handbag
38475,Wallets,Baggit Women Red Wallet
52603,Bags,Mod-acc Women Brown Clutch
17553,Topwear,Mark Taylor Men Grey & White Striped Shirt
58619,Jewellery,ToniQ Women Silver Earrings
37141,Topwear,Wills Lifestyle Men Stripes Grey Shirt
20105,Topwear,Diva Women Printed Brown Kurta
22771,Topwear,BIBA Women Printed Blue Kurta
24975,Topwear,United Colors of Benetton Women Blue Printed Top
8087,Shoes,ADIDAS Men Heritagio V Trx HG White Sports Shoes
48226,Eyewear,United Colors of Benetton Men Grey Sunglasses
5743,Topwear,Basics Men Orange & White Striped Hooded T-shirt
4272,Shoes,Rockport Men's Aderner Black Shoe
13215,Shoes,ASICS Men Gel Enduro 7 Running Silver Sports Shoes
35561,Sandal,Enroute Teens Pink Sandals
17413,Shoes,Lotto Men Millennia Black Sports Shoe
44989,Watches,Maxima Women Silver Dial Watch
49070,Shoes,Flying Machine Men Blue Shoes
37448,Belts,Turtle Men Brown Belt
8227,Bags,Fastrack Unisex Navy Blue Messenger Bag
17256,Topwear,U.S. Polo Assn. Men Printed Green Tshirt
16116,Sandal,Numero Uno Men Casual Green Slipper
53397,Topwear,Alma Women White & Mustard Printed Kurta
11784,Topwear,Lee Women Solid Black Tshirts
14383,Shoes,Catwalk Women Casual Copper Flats
10344,Topwear,United Colors of Benetton Men Solid Purple Tshirts
28333,Sandal,Red Tape Men Casual Brown Sandals
7484,Topwear,Nike Women's As Cruise Pink T-shirt
57997,Dress,Latin Quarters Women Blue Dress
33641,Flip Flops,Lotto Men Black Koro G Slippers
59214,Watches,Titan Men Silver Watch
59176,Shoes,Gliders Men Olive Shoes
53814,Apparel Set,Ayaany Women Blue & Grey Patiala Kurta Set
21424,Topwear,Roxy Women White Top
55213,Lips,Lakme Nine to Five Day Perfect Strawberry Margarita Lip Color
9973,Topwear,Nike Men As Arsenal Co White Sweatshirts
14711,Topwear,Genesis Grey Formal Shirt
44537,Sandal,Coolers Men Black Sandals
33774,Headwear,Puma Unisex Black Cap
17963,Shoes,Puma Women Trinity Black Casual Shoes
1879,Topwear,FIFA Mens 1982 Spain Red T-shirt
57874,Bath and Body,Biotique Bio Coco Butter Tissue Firming Body Balm
24649,Shoes,Converse Men's As Canvas Hi Black Denim Shoes
27352,Topwear,Tantra Women Dj Black T-shirt
26966,Topwear,Jealous 21 Women Check Purple Shirt
29757,Watches,Fossil Women Brown Dial Watch ES2795
48456,Topwear,French Connection Men White Printed T-shirt
23282,Watches,Maxima Men Off White Dial Watch
59977,Dress,Avirate Women Navy Blue Dress
37327,Watches,CASIO Sheen Women Red Dial Chronograph Watch SX039 SHE-5022D-4ADR
11276,Topwear,Nike Men Running Maroon Sweatshirt
24876,Dress,United Colors of Benetton Women Blue Striped Dress
55316,Socks,Smartoe Men Pack of 3 Socks
30075,Watches,Ed Hardy Women White Dial Watch
31235,Topwear,Puma Men Fine Striped Polo Blue T-shirt
33360,Shoes,Homme Men Black Semi Formal Shoes
57781,Makeup,Lotus Herbals Opulence Botanical Eye Liner
35475,Shoes,Bata Men Remo Brown Formal Shoes
29187,Topwear,United Colors of Benetton Women Peach Top
32394,Topwear,Arrow Woman Lavender Shirt
43888,Shoes,Puma Women Red Wynne Shoes
29696,Topwear,John Miller Men Striped Purple Shirt
4180,Shoes,Rockport Men Brown Leather Semi-Formal Shoes
10510,Topwear,Flying Machine Women RN HS Grey Tshirts
13054,Watches,Fastrack Women Gold Dial White Watches
5829,Topwear,ADIDAS Men's Prt Blue T-shirt
18484,Shoes,Puma Men Evo Black Casual Shoes
42130,Shoes,Nike Men Air Max Quarter White Sports Shoes
2182,Topwear,Probase Men Yellow T-shirt
39318,Topwear,Gini and Jony Boys Red T-shirt
33542,Topwear,Wrangler Women Suzan Yellow Top
3465,Apparel Set,ADIDAS Unisex Black White Swimming Cap
55283,Makeup,Lakme Absolute Cheek Chromatic Day Blushes Blusher
46163,Jewellery,Adrika Brown Necklace
10350,Topwear,United Colors of Benetton Women Applique Work Purple T-shirt
20762,Shoes,Carlton London  Women Casual Red Sandals
24874,Topwear,United Colors of Benetton Kids Boys Maroon Striped T-shirt
27741,Bags,Murcia Women Red Sling Bag
16783,Watches,ADIDAS Originals Unisex White Dial Watch ADH2545
18310,Topwear,Wills Lifestyle Men Striped Black T-Shirt
9483,Bags,Puma Unisex Ferrari Replica Red Backpacks
37872,Wallets,Hidekraft Men Black Wallet
35702,Sandal,Nike Men Solarsoft Slide Black Sandals
14308,Topwear,ADIDAS Men Solid Black Jackets
38958,Topwear,Gini and Jony Boys Printed Navy Blue T-shirt
10413,Topwear,United Colors of Benetton Men Printed Grey Tshirts
31727,Jewellery,Fabindia Women Anusuya Maroon Pendant
36387,Socks,Reid & Taylor Men Navy Blue Socks
14361,Shoes,Catwalk Women Casual Black Heels
18613,Topwear,Puma Men Team SS Chive-Olive Tshirts
20616,Bags,Baggit Women Libra Jhuti Olive Handbag
49882,Watches,Q&Q Women Golden Dial Analog Watch
21309,Eyewear,Celine Dion Women Black Frame Sunglasses
34033,Topwear,Palm Tree Boys Check Green Shirt
15886,Shoes,Warner Bros Kids Unisex TJ Chase Casual White Casual Shoes
55887,Nails,Colorbar Exclusive Nail Lacquer 20
58552,Eyewear,Miami Blues Women Sunglasses
12999,Shoes,Inc 5 Women Casual Black Flats
55079,Makeup,Lakme Nine to Five Flawless Creme Marble Compact
58261,Bags,Baggit Women Brown Purse
43493,Topwear,French Connection Men Green T-shirt
7924,Topwear,Proline Men Purple T-shirt
39464,Topwear,Diva Women Multi Coloured Kurta
29343,Topwear,Probase Men Printed White T-shirt
11025,Topwear,Wrangler Women Studd Polo Pink T-shirt
57987,Topwear,Latin Quarters Women White Printed Tunic
33169,Topwear,Sepia Women Yellow Top
3226,Shoes,Puma Men's Vesta Runner Black White Shoe
5494,Topwear,Mr.Men Men's Charcoal Polo T-shirt
35172,Bags,Wildcraft Unisex Cruiser Red Backpack
55008,Lips,Lakme Sheer Satin Lip Gloss 41
28593,Wallets,Peter England Men Leather Black Wallet
2280,Topwear,Nike Womens Sphere Pink T-shirt
23029,Topwear,Arrow Men Blue Striped Shirt
44963,Free Gifts,Maxima Men Gold Dial Watch
58566,Topwear,Puma Men Red T-shirt
33293,Topwear,Arrow Sport Men Blue Check Shirt
22736,Shoes,Nike Men T90 Exacto White Sports Shoes
55108,Skin Care,Ponds Age Miracle Day Cream SPF 15
49770,Topwear,Alma Women Black Printed Kurta
46485,Watches,Timex Men Blue Dial Chronograph Watch
53734,Shoes,Puma Men Grey Vintage Ferrari Shoes
19227,Ties,United Colors of Benetton Men Check Green Tie
33342,Shoes,Homme Men Black Formal Shoes
7556,Topwear,Nike Men's Aqua Polo T-shirt
35984,Topwear,Flying Machine Women Printed Cobalt Blue Top
30717,Apparel Set,Fabindia Boys Green Dhoti Angarakha Sets
29101,Bags,Puma Unisex Brown Backpack
12128,Topwear,Aurelia Women Printed Black Kurtas
57577,Lips,Lotus Herbals Pure Colors Moisturising Hot Plum Lipstick 643
52569,Bags,Mod'acc Women White Clutch
4551,Shoes,Nike Men's T-Lite 9 Leat Black Shoe
7349,Topwear,Tantra Men's Chai Chai Grey T-shirt
10766,Flip Flops,Disney Unisex Kids Basic Yellow Flip Flops
6215,Topwear,Lee Men's Printed White T-shirt
33714,Shoes,Cobblerz Men Brown Shoes
48135,Wallets,Fossil Women Teal Green Wallet
28341,Eyewear,Idee Men Copper Sunglasses
9755,Topwear,Classic Polo Men Ikon Red Polo Tshirts
5202,Topwear,Marvel Men's Hulk Big Face Light Green T-shirt
5839,Topwear,Puma Men's Motorsport Better Blue T-shirt
2939,Topwear,DUSG Women's Play Lady Organic Blue T-shirt
38755,Bags,Nike Women Black Handbag
35075,Belts,Allen Solly Men Leather Brown Belt
23611,Fragrance,Nike Fragrances Women Paradise Perfume
19771,Shoes,ADIDAS Unisex Bio Str Blue Casual Shoes
52907,Saree,FNF Mustard Printed Sari
2601,Topwear,ADIDAS Men's Red Stripe T-shirt
16997,Shoes,Rocia Women White Ballerinas
55558,Makeup,Revlon Baked Bronze Liquid Eye Liner 02
40945,Topwear,Gini and Jony Girls Nautical Blues Navy Blue Top
51927,Bags,Nyk Women Teal Karolyn Handbag
36687,Sandal,Spalding Men Grey And  Navy Blue Sandals
32964,Topwear,Angry Birds Men Printed Charcoal Grey T-shirt
24698,Topwear,Probase Men White Check Shirt
16629,Topwear,Facit Men Black Printed T-shirt
7463,Topwear,Proline Men Burgundy Printed T-shirt
14852,Wallets,United Colors of Benetton Women Solid Blue Wallets
28184,Eyewear,Ray-Ban Men Aviator Black Sunglasses
47235,Shoes,Playboy Men Black Casual Shoes
18607,Wallets,New Hide Men Antique Brown Wallet
32766,Topwear,John Miller Men Striped White Shirt
40514,Watches,Titan Men White Dial Watch
29434,Watches,Giordano Men White Dial Watch
48853,Jewellery,Lucera Women Silver Pendant with Chain
46666,Fragrance,Rasasi Men Numero Uno Deo
34880,Bags,Envirosax Women Blue Bag
29219,Socks,Fila Men Pack of 2 Socks
22257,Shoes,Inc. 5 Women Casual Black Heels
24110,Flip Flops,Playboy Men Black Casual Flip Flops
17457,Watches,CASIO Enticer Women Silver-Toned Dial Watch (SH62) LTP-2069L-7A2VDF
55891,Nails,Colorbar Exclusive Nail Lacquer 14
32311,Watches,Q&Q Men Black Dial Watch
22204,Topwear,Timberland Men White Check Shirt
18265,Topwear,Aneri Women Swara Pink Kurta
59115,Topwear,Just Natural Men Navy Blue Jacket
7306,Dress,UCB Women's Sleeveless Off White Dress
19055,Topwear,Aurelia Women Solid Black Kurta
33868,Watches,Citizen Men Black Dial Chronograph Watch
39965,Shoes,GAS Men Navy Blue Brixton Casual Shoes
45395,Shoes,Rocia Women Black & Red Sandals
53015,Saree,FNF Maroon Sari
5665,Flip Flops,ADIDAS Men's Slide Grey Orange Flip Flop
33974,Topwear,Femella Women Check Black Shirt
47019,Topwear,Shree Women Green & Red Kurta
3165,Shoes,Nike Men's Air Court Leader Low Black Red Shoe
39156,Topwear,Aneri Women Black Kurta
25334,Watches,Casio Sheen Women Silver Analogue Watches (SH111) SHN-4015D-7ADR
31718,Jewellery,Fabindia Women Anusuya Silver Earrings
45811,Shoes,Senorita Women Yellow Flats
34062,Dress,Gini and Jony Girls Printed Pink Dress
2125,Topwear,Lee Women White Shirt
20889,Shoes,Basics Men Grey Casual Shoes
25268,Bags,Lino Perros Women Red & Grey Checks Handbag
45388,Shoes,Rocia Women Bronze Flats
26236,Topwear,Proline Men Blue T-shirt
3813,Topwear,Disney Kids Boy's Street Crew Yellow Kidswear
49793,Headwear,Flying Machine Men Yellow Cap
17491,Flip Flops,Warner Bros Kids Unisex TJ Cheese Flops Red Slipper
16704,Topwear,Fila Men High Density Navy Blue Tshirt
1891,Topwear,FIFA Mens Essentials White T-shirt
6808,Shoes,Timberland Women's Prem Wheat Yellow Shoe
11064,Topwear,John Miller Men Solid Purple Shirts
22203,Topwear,Timberland Men Camel SweatShirt
58555,Shoes,Enroute Men Black Formal Shoes
21667,Watches,Fossil Men Black Dial Chronograph Watch CH2586
36499,Topwear,Folklore Women Red Kurta
9050,Shoes,ADIDAS Men adizero Trainer M White Sports Shoes
27062,Bags,Yelloe Yellow Laptop Pocket Handbag
5021,Topwear,Levis Kids Boy's Calcio Grey Red Kidswear
33465,Belts,Baggit Women Taj Black  Belt
20873,Shoes,Newfeel Men Decathlon Blue Casual Shoes
49164,Makeup,Deborah Kajal 117
41453,Shoes,Lee Cooper Men White Shoes
51159,Socks,Raymond Men Black Socks
10149,Shoes,Rockport Men Ed Plaintoe Brown Formal Shoes
31635,Topwear,Indigo Nation Men Striped Purple Shirt
11739,Topwear,Lee Men Stripes Red T-shirt
54392,Bags,Baggit Women Red Handbag
14137,Cufflinks,Belmonte Men Formal Steel Cufflinks
16133,Topwear,Tokyo Talkies Women Printed Grey Top
22869,Shoes,Woodland Men Brown Casual Shoes
50158,Shoes,Rocia Women Black Sequined Heels
7951,Topwear,Puma Men's Graphic Black Purple T-shirt
14563,Shoes,Vans Men Rowley SPV Black Casual Shoes
34905,Topwear,Fabindia Red Hand Printed Kota Dupatta
41404,Topwear,Wrangler Women Stud Pink Top
38006,Watches,Q&Q Men Orange Dial Watch
21291,Eyewear,Celine Dion Women Copper Frame Sunglasses
16331,Topwear,Peter England Men Stripes Blue Polo T-Shirt
42846,Bags,French Connection Women Multi Stripe Hand Bag
2843,Topwear,Mr.Men Men's Mr.Mischief Pink T-shirt
27773,Wallets,Bulchee Men Black Wallets
27036,Topwear,Arrow Men Green Shirt
40429,Topwear,Tonga Women & Black Printed Top
29074,Bags,Fastrack Men Casual Grey Backpack
6013,Topwear,Highlander Men White Purple Black Grey Checked Shirt
4708,Watches,ADIDAS Unisex New York Plaid Digital Black Watch
56954,Shoes,HM Women Black wedges
46108,Flip Flops,ADIDAS Men Green Psychedellic Flip Flops
53562,Watches,Q&Q Unisex Blue Dial Watch
12664,Topwear,Probase Men Stripes Grey Shirts
51668,Eyewear,Louis Philippe Men Aviator Sunglasses LP217-C3
4053,Topwear,Myntra Men's Eagle Emblem White T-shirt
52032,Topwear,Just Natural Unisex Red Rain Jacket
52930,Saree,FNF Multi Coloured Sari
36672,Bags,Paridhan Women Multi Coloured Handbag
46122,Jewellery,Adrika Silver Coloured Necklace
35454,Topwear,Doodle Boys Printed Blue T-shirt
47344,Wallets,Baggit Women Navy Blue Wallet
53144,Shoes,Catwalk Women Red Sandals
14859,Wallets,United Colors of Benetton Women Solid Black Wallets
5369,Shoes,Artengo 452c Boy Kd White
15550,Socks,FILA Men Pack of 3 White Socks
31185,Accessories,Cabarelli Men Accessory Gift Set
58877,Ties,Hakashi Men Olive Tie
48741,Jewellery,Revv Men Steel Bangle
36467,Shoes,Spinn Men Zoom Black Shoes
28435,Watches,DKNY Women White Dial Chronograph Watch NY8102
8224,Bags,Fastrack Men Black Gym Bag
38373,Belts,Peter England Men Tan Belt
32940,Shoes,ADIDAS Neo Women Court White Shoes
3609,Shoes,Converse Men's All Star HI Navy Blue Canvas Shoe
35453,Topwear,Doodle Boys Printed White T-shirt
36509,Bags,United Colors of Benetton Women Brown Handbag
57235,Bags,Murcia Women Lavender Handbag
17033,Shoes,Gas Men Europa Casual Shoes
41876,Sandal,Estd. 1977 Men Beige & Black Sandals
32312,Watches,Q&Q Women Pink Dial Watch
8627,Eyewear,Fastrack Men Gradient Bikers Sunglasses M032BU1
13033,Shoes,Inc 5 Women Casual Black Heels
22889,Sandal,Woodland Men Khaki Sandals
57996,Dress,Latin Quarters Women Black Dress
16083,Eyewear,Mayhem Women Gradient Sunglasses MAYS-9005-201
53371,Bags,Puma Unisex Olive Backpack
39581,Shoes,Catwalk Women Red Flats
47590,Shoes,Portia Women Green Sandals
59938,Shoes,Vans Men Black Casual Shoes
45582,Shoes,Arrow Men Black Shoes
59462,Jewellery,Lucera Silver Ring
57513,Shoes,Provogue Men Brown Casual Shoes
58524,Bags,Wildcraft Unisex Black Rain Cover For Backpacks
15068,Sandal,Ganuchi Men Black Sandal
56157,Makeup,Colorbar Blackout I-Glide Eye Liner 06
37710,Topwear,John Players Men Printed Blue T-shirt
45274,Wallets,Lino Perros Women Beige Twofold Wallet
34640,Shoes,Lotto Men Court Classic V Blue Shoes
17743,Shoes,Puma Men Bolt Fass Blue Sports Shoe
12011,Topwear,Mark Taylor Men Purple Striped Shirts
17080,Wallets,Lino Perros Women Flower Turquoise Blue Wallet
3703,Topwear,Tantra Women Ornament Lavender Long T-shirt
8531,Shoes,Nike Women Nike Womens tenkay slip Black Sports Shoes
44551,Sandal,Coolers Men Black Sandals
51517,Watches,Fastrack Women Black Dial Watch N2298sm03
54404,Wallets,Baggit Women Olive Wallet
40645,Topwear,Span Women Green Kurta
51260,Belts,Park Avenue Men Black & Brown Reversible Belt
44894,Topwear,Puma Men Red T-shirts
55498,Lips,Revlon ColorBurst Strawberry Lip Gloss 06
46427,Watches,Timex Men Black Dial Watch
15297,Bags,ADIDAS Originals Unisex  FT Grey Shoulderbag
23837,Shoes,ADIDAS Men White Razor Sports Shoes
18275,Topwear,Aneri Women Preet Blue Kurta
30540,Socks,Nike Unisex Sports Black Socks
4468,Shoes,Puma Men's Vibrant White Black Red Shoe
5357,Shoes,Kipsta F300 Sala Shoes
25784,Topwear,Arrow Men Light Brown Suspenders
12942,Topwear,Basics Men Blue Slim Fit Striped Shirt
23316,Topwear,W Women Brown Printed Kurta
14519,Topwear,Mark Taylor Men White & Teal Blue Striped Shirt
21510,Bags,Kiara Women Graphiti White Handbag
58884,Ties,Hakashi Men White Tie
5116,Topwear,Wrangler Women Folk Side Print Grey T-shirt
48963,Jewellery,Revv Men Steel Ring
14588,Belts,United Colors of Benetton Women Solid Red Belts
40748,Flip Flops,Roxy Women Pink Flip Flops
19182,Topwear,United Colors Of Benetton Men Maroon Check Shirt
5784,Flip Flops,Reebok Men's Hanavi Yellow Flip Flop
15292,Bags,ADIDAS Originals Unisex ST SW Bag Olive Backpacks
18262,Topwear,Aneri Women Himani Brown Kurta
35029,Stoles,Fabindia Women Green Stole
17836,Flip Flops,Nike Women Solarsoft Thong Pink Slipper
5676,Shoes,Skechers Men's Casual  Charcoal Shoe
34933,Topwear,Fabindia Women Lavender Dupatta
33022,Topwear,Mother Earth Women Black Kurta
11230,Watches,Esprit Women Cine Citta White Watches
19909,Bags,Wildcraft Unisex Black Backpack
7818,Topwear,Proline Men Navy Striped Polo T-shirt
56553,Lips,Streetwear Mineral Coral Glow Lip Gloss
46336,Shoes,Reebok Men Navy Blue Desire Shoes
2827,Shoes,Lee Cooper Men's Formal Simpleton Black Shoe
7216,Shoes,Rockport Men's Evander Brown Shoe
40142,Topwear,Gini and Jony Boys Core Green T-shirt
15690,Topwear,Black coffee Men Micheal White Slim Fit Shirt
48470,Dress,French Connection Teal Dress
20709,Shoes,Buckaroo Men Dark Brown Cargo Leather Casual Shoes
55153,Nails,Lakme True Wear Classics Tarun Tahiliani Nail Color 20
12607,Topwear,Jealous 21 Women Solid Purple Shrug
32299,Watches,Q&Q Men White Dial Watch
11500,Shoes,Catwalk Women Lifestyle Black Heels
33419,Bags,Baggit Women Sprinkle Dum Teal Sling Bag
41792,Topwear,Remanika Women Black Tunic
44656,Topwear,Lee Women Blue Shirt
32818,Flip Flops,iPanema Women Temas Grey Flip Flops
17968,Flip Flops,Puma Men Splash Black Slipper
31821,Watches,Titan Men Silver Dial Watch
14283,Shoes,Timberland Women Chauncy ox  Casual Shoe
44266,Wallets,Hidekraft Men Brown Wallet
38039,Watches,Q&Q Men Silver Dial Watch
56919,Shoes,HM Women Black Heels
3984,Topwear,Mr.Men Men's Must Sleep Blue T-shirt
19656,Topwear,United Colors of Benetton Men Printed Green TShirt
48894,Jewellery,Lucera Women Silver Pendant
37811,Topwear,John Players Men Olive Shirt
26667,Shoes,Puma Women Femme White Sports Shoes
33250,Topwear,Arrow Men  Green & Blue Check Shirt
50180,Bags,Peperone Women Red Handbag
29322,Topwear,Probase Men Check Maroon Shirt
7826,Shoes,Puma Women Future Cat Remix White Blue Shoe
19031,Shoes,Catwalk Women Beige Shoes
29150,Topwear,United Colors of Benetton Girls Printed Off White Top
46266,Topwear,109F Women Blue & Grey Printed Tunic
4457,Topwear,Nike Men's Graphic Black Blue T-shirt
20067,Belts,United Colors of Benetton Women Solid Green Belt
52999,Saree,FNF Yellow Printed Sari
23470,Scarves,Lino Perros Men Black Check Scarf
6633,Topwear,UCB Men Ben Logo Chest Black Shirt
27086,Shoes,Catwalk Women Black Casual Flats
49790,Headwear,Flying Machine Men Black Cap
4569,Shoes,Nike Men's Collect White Shoe
10141,Watches,Esprit Women Houston White Gold Links Gold Watches
59366,Topwear,Vishudh Women Red & White Kurta
36335,Socks,Playboy Men White and Red Socks
35410,Shoes,Enroute Men Brown Formal Shoes
21184,Flip Flops,ADIDAS Men Star Story Black Flip Flops
58255,Bags,Baggit Women Maroon Purse
21177,Flip Flops,ADIDAS Men Distorted Red Flip Flops
18178,Topwear,Doodle Kids Girls Black Layer Top
13812,Topwear,Proline Navy Striped Sweater
31967,Shoes,Nike Men Air Twilight Mid Grey Shoes
7158,Topwear,Scullers Men  Green Check Shirt
19141,Sandal,Lotto Men Revorb Black Sandals
21470,Flip Flops,Roxy Women Bamboo Grey Flip Flops
24845,Topwear,Wildcraft Men Wind Cheaters Beige Jacket
21125,Topwear,s.Oliver Women Solid Magenta Top
29226,Flip Flops,ADIDAS Men Zeitfrei Slide Black Flip Flops
16132,Topwear,Tokyo Talkies Women Printed White T-shirt
39676,Shoes,Lotto Men White Shoes
5897,Shoes,Puma Women's Feuerwerk White Shoe
27821,Belts,Bulchee Men Black Leather Belt
30572,Eyewear,Opium Men Aviator Black Sunglasses
57610,Skin Care,Lotus Herbals Safe Sun Multi-Function Sunblock
9792,Topwear,Spykar Men Ranger With Red Stitch Line White Shirts
14494,Shoes,Flying Machine Men Casual Black Casual Shoes
5400,Shoes,Kalenji Kiprun 1000l  Blue/grey
38593,Topwear,Nike Women Printed Scoop Black T-shirt
18811,Belts,Peter England Men Casual Blue Belt
10996,Topwear,Inkfruit Men Too Drunk Brown Tshirts
5617,Sandal,ADIDAS Men Henrio Black Blue Floater
30079,Watches,Ed Hardy Men Black Dial Watch
40668,Topwear,Lee Women Grey Glorious Shirt
10588,Watches,Carrera Men Round Dial PU Strap Black Watches
32458,Topwear,ADIDAS Women Graphic Blue T-shirt
44743,Shoes,Globalite Men White Doxton Shoes
57102,Topwear,Elle Women White EssentialsTop
5315,Shoes,Nike Women's Airmax Grey Pink Shoe
6109,Topwear,Puma Men's The Game White Tshirt
52943,Saree,FNF Yellow Sari
6930,Topwear,Tantra Men's Mistakes Blue T-shirt
16087,Eyewear,M tv Men My Fab Eyewear Black Sunglasses
59440,Topwear,Arrow Men Grey Check Slim Fit Shirt
8387,Topwear,ADIDAS Men  Navy Blue Polo T-shirt
46927,Fragrance,York Men Cantari Perfume
33520,Shoes,Cobblerz Women Charcoal Grey Wedges
58684,Topwear,ALayna Women Printed Beige Kurta
53592,Free Gifts,Q&Q Men White Dial Watch
37965,Shoes,Clarks Women Santa Rock Black Leather Flats
55543,Makeup,Revlon Totally Turquoise 03 Eyeliner
22430,Topwear,Global Desi Women Printed Green Tunic
28722,Topwear,W Women Printed Yellow Kurta
18847,Topwear,Puma Men College  Athletic White  Tshirt
46463,Watches,Timex Men Black Dial Watch
59362,Topwear,Vishudh Women White Printed Kurta
43293,Bags,Murcia Women Blue Kate Handbag
13988,Shoes,Puma Men Future Cat Remix Lo Navy Blue Casual Shoes
23953,Topwear,Provogue Men Striped Black Shirt
34856,Shoes,Vans Men Classic Slip-On Black Shoes
50235,Eyewear,Stoln Women Black Sunglasses
56873,Shoes,HM Women Black Flats
47618,Shoes,Portia Women Pink Flats
24355,Topwear,Folklore Women Orange Printed Kurta
56468,Nails,Streetwear Mercury Nail Polish 30
12180,Topwear,Basics Men White Slim Fit Checked Shirt
20305,Topwear,Jealous 21 Women Solid Magenta Sweater
28649,Shoes,Nike Men Lunarglide+ 3 Grey Sports Shoes
35819,Shoes,Enroute Women Bluish Grey Flats
34191,Topwear,Gini and Jony Boys Printed Red T-shirt
17040,Shoes,Gas Men Skate 001 Casual Shoe
45759,Fragrance,Lomani Men Declaration Deo
17264,Topwear,U.S. Polo Assn. Men Stripes Limoges Polo Tshirt
10287,Shoes,Clarks Women Leather Silver Flats
45263,Watches,CASIO G-SHOCK Men Black Dial Chronograph Watch G241
52163,Topwear,Femella Women Pink Top
21264,Bags,Skybags Unisex Blue Backpack
49849,Watches,Q&Q Women Pink Dial Analog Watch
59982,Dress,Avirate Black & Cream Dress
21577,Shoes,Red Tape Men Black Leather Formal Shoes
36220,Shoes,Nike Women Dual Fusion ST 2 Blue Sports Shoes
16296,Topwear,Peter England Men Solid Red Polo T-Shirt
30737,Topwear,Fabindia Men Red Silk Sleeveless Waistcoat
14810,Bags,United Colors of Benetton Women Solid Brown Handbags
13975,Flip Flops,Puma Men Pop Art Black Flip Flops
21774,Belts,Fossil Men Maxim Black Belt
8691,Eyewear,Fastrack Women Graident Sunglasses P161BK2F
22163,Shoes,Timberland Men Navy Blue Casual Shoes
13870,Topwear,Scullers Men Stripes Beige Shirts
46454,Watches,Timex Men Blue Dial Watch J203
48031,Watches,Nautica Men Black Dial Chronograph Watch
36725,Topwear,Gini and Jony Boys Polo Green T-Shirt
19309,Shoes,Nike Men Field Trainer Textile Grey Sports Shoes
20103,Topwear,Diva Women Printed Magenta Kurta
18918,Topwear,Levis Men Denim Grey Shirt
42996,Shoes,Nike Women White Air Total Sports Shoes
17012,Shoes,Rocia Women Brown Heels
10598,Topwear,Flying Machine Women HS Blue Denim Shirt
34535,Shoes,Red Tape Men Brown Formal Shoes
35312,Jewellery,Fabindia Women Anusuya Silver Earrings
8372,Topwear,Doodle Girl's Dont Worry Hippie Teal Blue Kidswear
17109,Wallets,Lino Perros Women Small Purse Pink Wallet
39397,Topwear,Peter England Men Polo Neck T-shirt
41984,Topwear,Gini and Jony Boys Around The World White T-shirt
4097,Topwear,Nike Men's Team Poly Red T-shirt
25191,Bags,Lino Perros Women Classic Brown Handbag
32350,Watches,Q&Q Men Black Dial Watch
58939,Watches,Tommy Hilfiger Men Black Dial Chronograph Watch TH1790731-D
58503,Dress,Tonga Women Purple Dress
9871,Topwear,Status Quo Men Stripes Green Tshirts
13096,Topwear,ADIDAS Men NBA BoldBlue T-shirts
49804,Headwear,Flying Machine Men Khaki Cap
11679,Topwear,Lee Men Check Grey Shirts
36301,Topwear,Angry Birds Men Grey Melange T-shirt
33531,Shoes,Cobblerz Women Black Loafers
16206,Topwear,Puma Men Hazard Green TShirt
54888,Jewellery,Ivory Tag Women Circular Meddle Multicoloured Necklace
12659,Topwear,Probase Men Stripes White Shirts
58549,Eyewear,Miami Blues Women Sunglasses
56868,Shoes,HM Women Brown Shoes
32365,Watches,Q&Q Men White Dial Watch R348
32767,Topwear,John Miller Men Striped White Shirt
53884,Bags,Kiara Women White Handbag
39618,Shoes,Catwalk Women Blue Heels
10638,Shoes,Carlton London Men Formal Brown Formal Shoes
41970,Topwear,Gini and Jony Boys Surfs Up Red T-shirt
7506,Topwear,Nike Men's AsVapor ss black T-shirt
10204,Bags,Murcia Women Hahk Purple Handbags
50749,Shoes,Red Chief Men Brown Shoes
27097,Topwear,Aneri Women Blue Printed Kurta
22310,Shoes,Inc. 5 Women Casual Golden Flats
58701,Topwear,ALayna Women Printed White Kurta
31946,Shoes,Nike Men Avid Grey Shoes
45727,Topwear,Folklore Women Black Kurta
4845,Topwear,Sher Singh Women's Red Polo T-shirt
38190,Eyewear,Polaroid Unisex Sunglasses
18314,Topwear,Wills Lifestyle Men Check Red Shirt
50893,Saree,Prafful Yellow & Blue Sari
26211,Fragrance,Perry Ellis Casual Men Perfumes
7449,Topwear,Proline Men Blue Polo T-shirt
30586,Topwear,Nike Men Club Pique Polo White T-shirt
43032,Topwear,Scullers Men White & Navy Blue Check Shirt
35133,Jewellery,Allen Solly Woman Cream Bangle
10738,Watches,Puma Women Slick Ladies 3HD Pink Pink Watches
19785,Topwear,U.S. Polo Assn. Men Solid Red Tshirt
53826,Topwear,Folklore Women Brown Printed Kurta
35488,Shoes,Bata Men Remo Brown Formal Shoes
21712,Watches,Fossil Men Black Dial Watch ME1099
55087,Skin Care,Pond's Flawless White Deep Whitening Facial Foam
45370,Shoes,Cobblerz Women Brown Sandals
54375,Jewellery,Avon Silver Toned Envy Me Earrings
59045,Shoes,Carlton London Women Turquoise Blue Pumps
23461,Scarves,Lino Perros Men Black Check Scarf
57450,Topwear,Angry Birds Women Green T-shirt
34209,Topwear,Proline Men Black Polo T-shirt
17684,Shoes,Catwalk Women Ballerina Grey Casual Shoe
33031,Topwear,Mother Earth Women Printed Black Kurta
48967,Jewellery,Revv Men Steel Ring
15957,Ties,Turtle Men Stripes Maroon Ties
6041,Topwear,UCB Men's Polo Neck With Lion Logo Navy Blue T-shirt
39299,Sandal,Red Chief Men Brown Sandals
52178,Jewellery,Lencia Women Sterling Silver Ring
38034,Watches,Q&Q Men Black Watch
44658,Shoes,Vans Unisex Red Old Skool Shoes
14942,Topwear,Status Quo Men Stripes Black Tshirts
47637,Shoes,Carlton London Women Yellow Peep Toes
59670,Saree,FNF Blue & Brown Evening Wear Sari
45048,Watches,Maxima Men Silver Dial Attivo Watch
3095,Topwear,Probase Men's Freestyler Red T-shirt
55968,Lips,Colorbar Velvet Matte Demure 1 Lipstick 82V
25710,Headwear,ADIDAS Unisex Blue Cap
5972,Topwear,Highlander Men Red Black Checked Shirts
8864,Topwear,Mark Taylor Men Brown Striped Shirt
35103,Stoles,Allen Solly Women Yellow Stole
6744,Shoes,Nike Men's Lunar Swift 2 Black Shoe
32953,Shoes,ADIDAS Neo Men Clemente Stripe Black Shoes
50740,Shoes,Red Chief Men Black Formal Shoes
44051,Fragrance,Hugo Women XX Perfume
25333,Watches,CASIO Sheen Women Analogue Watche SH110
15744,Shoes,Nike Women Lunarglide+ 3 White Sports Shoes
27279,Topwear,Mother Earth Women Blue Kurta
22971,Bags,U.S. Polo Assn. Unisex Black Laptop Bag
47004,Topwear,Shree Women Green & Black Kurta
37155,Topwear,Campbell Men Pack of 3 T-shirt
23795,Shoes,Clarks Women Black Cocoa Creme Shoes
40130,Topwear,Gini and Jony Boys Core White Shirt
10747,Sandal,Disney Unisex Kids Daisy Pink Sandals
8598,Topwear,Scullers Men's Green Polo T-Shirts
41031,Watches,Nautica Men Black Dial Watch
14946,Topwear,Status Quo Men Stripes Red Tshirts
36458,Shoes,Spinn Men Texan Black Sports Shoes
10458,Topwear,Flying Machine Men Green Polo Tshirts
46789,Fragrance,Love Passport A Bloom Women Perfume
25855,Topwear,Diva Women Printed Red Kurti
49741,Ties,Park Avenue Men Maroon Tie
35785,Shoes,Enroute Women Coral Shoes
17136,Bags,Lino Perros Women Flower Black Handbag
37299,Watches,CASIO Enticer Men Grey Dial Analogue Watch A521
29546,Topwear,Classic Polo Men Black T-shirt
50834,Belts,New Hide Men Black Belt
16362,Topwear,Peter England Men Check Blue Shirt
13848,Topwear,United Colors of Benetton Men Solid Blue Polo Tshirts
20151,Topwear,Wrangler Men Willy Blue Shirt
42392,Topwear,Flying Machine Women Black T-shirt
47022,Topwear,Shree Women Maroon Kurta
57242,Bags,Murcia Women Brown Duffle Bag
5152,Topwear,Wrangler Women Braided Shoulder Mauve T-shirt
25120,Bags,Lino Perros Women Beaded Black Clutch
6545,Bags,Nike Unisex All Access FU Green Backpack
55939,Nails,Colorbar Mulberry Nail Lacquer 21
40171,Eyewear,Fastrack Men Black UV Protected Sporty Wrap Sunglasses
14058,Topwear,Flying Machine Men Printed Black Tshirts
59819,Topwear,United Colors of Benetton Men Blue Shirt
3796,Topwear,Basics Men White & Red Striped Polo T-shirt
5822,Topwear,ADIDAS Men's Prt Purple T-shirt
17435,Watches,Casio Enticer Women Silver Analogue Watches (SH147) LTP-2069D-2A2VDF
10174,Shoes,United Colors Of Benetton Men Latnam Black Casual Shoes
55992,Lips,Colorbar Velvet Matte Verve Lipstick 15 BR
15862,Sandal,Warner Bros Kids Unisex SD Face Sandal Blue Sandals
38402,Belts,Baggit Women Hood Dabang Black Belt
14850,Wallets,United Colors of Benetton Men Solid Black Wallets
50421,Shoes,U.S. Polo Assn. Men Navy Blue Boat Shoes
22182,Shoes,Timberland Men Dark Brown Casual Shoes
17845,Shoes,Nike Men T90 Shoot I\/ HG-B White Sports Shoe
55074,Makeup,Lakme Glide On Aqua Green Eye Color
44379,Fragrance,ADIDAS Men Intense Touch  Perfume
45566,Fragrance,Playboy Men Miami Deo 50 ml Free
8912,Shoes,Puma Men Cabana Racer Sketch White Sports Shoes
35874,Topwear,Marvel Boys Comics Grey T-shirt
10496,Topwear,Flying Machine Women RN White Tshirts
10426,Topwear,United Colors of Benetton Men Polo Black Tshirts
6801,Shoes,Converse Unisex Canvas Black Shoe
10580,Watches,Esprit Men Athletic Rosegold Copper Watches
8264,Bags,Fastrack Unisex White Black Printed Sling Bag
28989,Apparel Set,Biba Outlet Women Blue & Green Printed Churidar Kurta with Dupatta
6445,Shoes,Lotto Men's Calcetto Black Red Shoe
6044,Topwear,UCB Men Logo Navy Shirt
1577,Headwear,Inesis  Slim Shady Cap
8399,Topwear,ADIDAS Men Adna Ss Tee Black T-Shirts
34934,Topwear,Fabindia Blue Dupatta
23819,Flip Flops,Puma Unisex Wave Green Flip Flops
6881,Topwear,Forever New Women Sleeveless Peach Top
11650,Watches,Puma Men Star Dust Black Dial Watch
23288,Watches,Maxima Men Black Dial Watch
8636,Eyewear,Fastrack Unisex FTML002GLGP1 Black Sunglass
20069,Belts,United Colors of Benetton Women Solid Black Belt
55785,Shoes,Converse Men Navy Casual Shoes
6205,Topwear,Lee Men's Brooklyn Rider Grey T-shirt
48085,Dress,French Connection Women Purple Dress
50230,Eyewear,Stoln Women Brown Sunglasses
14809,Bags,United Colors of Benetton Women Solid DK.Grey Handbags
16105,Eyewear,M tv Women My Fab Eyewear Purple Sunglasses
14056,Topwear,Flying Machine Men Printed White Tshirts
10127,Shoes,Rockport Men Espresso Brown Casual Shoes
20416,Belts,Baggit Women Creeper Hoor Red Belt
45845,Topwear,Vishudh Women Green Kurta
55398,Eyes,Revlon Lash Fantasy Blackest Black Mascara And Primer
47096,Sandal,Marvel Boys Red Sandals
12396,Socks,Reid & Taylor Men Stripes Blue Socks
42985,Shoes,Nike Women Grey Shoes
40953,Topwear,Gini and Jony Boys Rodeo Yellow T-shirt
22592,Topwear,Nike Men Red Striped Sweatshirt
45998,Saree,Fabindia Blue Self-Striped Saree
13252,Topwear,Palm Tree Kids Boys Solid Black Shirts
15024,Headwear,ADIDAS Men Solid Blue Caps
46425,Watches,Timex Men Sliver Dial Chronograph Watch
40221,Belts,Provogue Men Black Leather Belt
32516,Sandal,Franco Leone Men Black Sandals
48197,Eyewear,United Colors of Benetton Men Black Sunglasses
45761,Fragrance,Lomani Women Cool Water Deo
20274,Shoes,Catwalk Women Casual White Flats
7409,Topwear,W Women Round Neck Short Sleeve Pink Kurta
4622,Topwear,Jealous 21 Women Knit Green T-shirt
4953,Topwear,Gini and Jony Boy's Kalin White Navy Kidswear
14961,Topwear,Status Quo Men Printed Red Jackets
13086,Shoes,Timberland Unisex Casual Gold Casual Shoes
53128,Shoes,Catwalk Women Black Heels
2266,Topwear,Nike Green Women T-shirt
53663,Bags,Kiara Women Brown Handbag
54976,Dress,Femella Women Pink Dress
32598,Topwear,ONLY Women Orange Top
44683,Topwear,Wills Lifestyle Women Black Top
58227,Sandal,Lotto Men Black Sandals
4218,Topwear,Disney Kids Girl's Purple Disney Jeans Kidswear
19168,Topwear,United Colors of Benetton Men Grey Printed T-shirt
5627,Flip Flops,ADIDAS Men's Adi Jumble Blue Flip Flop
31541,Topwear,Classic Polo Men Striped Grey T-shirt
52820,Jewellery,Adrika Maroon Earrings
39457,Topwear,Diva Women Printed White Kurta
10016,Dress,Palm Tree Girl's Cr Blossom Drs Pink Dresses
34071,Shoes,Clarks Women Saturn Whizz Leather Black Sandals
20486,Belts,Baggit Women Princy Gang Black Belt
43640,Topwear,Vero Moda Women White Top
32422,Topwear,ADIDAS Men One Love Black T-shirt
52992,Saree,FNF Green Printed Sari
9009,Bags,Murcia Women Snake Print Bag Brown Handbags
32001,Socks,Playboy Men Navy Blue Socks
14513,Topwear,Mark Taylor Men Light Blue Thin White & Grey Striped Shirt
7652,Topwear,Puma Men's Lifestyle White T-shirt
39363,Watches,Helix Men Black Watch
25850,Topwear,Diva Women Printed Red Kurti
5520,Topwear,Probase Men's Away To Glory White T-shirt
56507,Lips,Streetwear Shine Divine Pink Lip Gloss
48006,Watches,Helix Men Black Dial Watch
36230,Shoes,Nike Men Air Courtballistec 4.1 White Sports Shoes
5387,Shoes,Kalenji Kapteren 50 Black Pink
25186,Bags,Lino Perros Women Leatherette Brown Handbag
34785,Sandal,Fila Men Benton Grey Sandals
41716,Shoes,Catwalk Women White Wedges
22823,Shoes,Woodland Men Khaki Casual Shoes
28304,Eyewear,Fastrack Men Pale Gold Sunglasses
56924,Shoes,HM Women Yellow Flats
36814,Topwear,Vishudh Women Maroon Kurta
28569,Topwear,Nike Men Verbiage Purple T-shirt
7780,Bags,Wildcraft Unisex Grey & Orange Rucksack
19905,Bags,Wildcraft Unisex Blue Backpack
19351,Shoes,Numero Uno Men Navy Blue Shoes
11556,Topwear,W Women Printed Cream Kurtis
44624,Headwear,Nike Unisex Orange Daybreak Visor Cap
42686,Topwear,Alma Women White Printed Kurta
31324,Topwear,Aurelia Women Printed Blue Kurta
4466,Shoes,Puma Men's Vibrant Black White Shoe
19549,Topwear,United Colors of Benetton Men Solid Grey Sweatshirt
26047,Topwear,John Miller Men Blue Shirt
45250,Watches,Casio Youth Series Men Digital Watch AE-2000W-1AVDF(D083)
19910,Bags,Wildcraft Unisex Blue and Grey Printed Duffel Bag
33535,Shoes,Cobblerz Women Black & Maroon Pumps
23874,Topwear,ADIDAS Men Green T-shirt
55107,Skin,Pond's Age Miracle Deep Action Night Cream
9012,Sandal,Decathlon Men Quechua Grey Floater
24505,Topwear,Mother Earth Women Red Printed Kurta
10369,Topwear,United Colors of Benetton Men Checks Blue Shirts
13513,Topwear,Chimp Men Firee Grey Tshirts
20902,Shoes,Catwalk Women Casual Brown Heels
38483,Belts,Baggit Women White Belt
49086,Makeup,Deborah Ultrafine Compact Powder 01
52335,Bags,ToniQ Women Bronze Clutch
51910,Bags,Nyk Women Lavender Orchid Laptop Bag
20122,Topwear,Wrangler Women Yoke Purple Shirt
33578,Topwear,Wrangler Men Applique Polo Maroon T-shirt
15573,Topwear,Chhota Bheem Kids Boys Main Hoon Bheem TShirt
57986,Dress,Latin Quarters Women Grey Dress
8331,Topwear,Doodle Boy's Car Print Teen Kidswear
20312,Topwear,Lee Men Solid Green Tshirt
56702,Topwear,Fabindia Men Blue Kurta
59775,Jewellery,Estelle Women Gold Bracelet
40230,Belts,Provogue Men Black Leather Belt
39074,Topwear,Arrow Sport Men White Slim Fit Shirt
13115,Shoes,Numero Uno Men Casual Black Casual Shoes
28718,Topwear,W Women Printed White Kurta
4355,Topwear,Batman Men's Batman Applique Shei Grey T-shirt
54667,Watches,Fastrack Men White Dial Watch NB3039SM01
20018,Topwear,United Colors of Benetton Men Black Check Shirt
39005,Topwear,Gini and Jony Girls Nautical Blues Navy Blue Top
26965,Topwear,Jealous 21 Women Check Blue Shirt
34838,Shoes,ADIDAS Men Navy Blue CC Sports Shoes
24780,Belts,Lino Perros Women Ladies Belts Black Black Belts
59783,Jewellery,Estelle Gold Plated Bracelet
8988,Shoes,Puma Men Kollege Mid Brown Casual Shoes
46543,Watches,Timex Women Silver Dial Watch
28449,Bags,Kiara Women Brown Handbag
5504,Topwear,Mr.Men Men's Mischief Chilly Pepper T-shirt
18969,Topwear,United Colors of Benetton Men Solid Blue Sweater
43173,Watches,Fastrack Men Black Dial Watch
31869,Topwear,Fabindia Women Blue Dupatta
54876,Jewellery,Ivory Tag Women Green Droplets Necklace
6493,Topwear,ADIDAS Men's Fresh Blue T-shirt
59632,Saree,FNF Olive Wedding Collection Sari
34339,Topwear,Myntra Men Extreme Purple T-shirt
2180,Topwear,Probase Mens Probase Orange Stripe Polo tee T-shirt
34945,Topwear,Fabindia Grey Hand Printed Chanderi Dupatta
56060,Lips,Colorbar Extra Durable Jazz Lip Color 008
32376,Watches,Q&Q Men Black Dial Watch
19525,Topwear,United Colors of Benetton Men Check Grey Sweater
3665,Shoes,Fila Men's Intercept White Silver Shoe
29419,Watches,Giordano Men Black Dial Watch
8364,Topwear,Doodle Girl's Happy Smiles Blue Pink Kidswear
37509,Watches,Esprit Men Black Dial Watch
43586,Dress,Gini and Jony Girls Blue Saloppette
2746,Topwear,Disney Kids Boy's Yellow Polo Tshirt
54575,Topwear,Sushilas Women Printed Maroon Kurta
50316,Ties,Park Avenue Men Navy Blue Tie
58328,Flip Flops,Lotto Men Blue Flip Flops
8994,Shoes,Puma Men Manilla Hi Black Casual Shoes
41259,Wallets,Arrow Men Brown Leather Wallet
13655,Sandal,ADIDAS Red WhirItech Slide M Sandal
46302,Fragrance,Jacques M Men Fragrances
38185,Eyewear,Miami Blues Women Sunglasses
10564,Topwear,Puma Men Large Logo Ringer White Tshirts
56934,Shoes,HM Women Silver Flats
40405,Dress,Tonga Women Black Dress
5225,Bags,Wildcraft Unisex Travel Black Waist Pouch
3847,Topwear,Wrangler Men's True Wanderer White T-shirt
44024,Fragrance,BOSS Women Perfumes
43242,Shoes,Reebok Men White Swift Chase Sports Shoes
33536,Shoes,Cobblerz Women Brown & Beige Pumps
10464,Topwear,Flying Machine Men Mauvemist Pink Tshirts
59161,Shoes,Fortune Men Brown Shoes
7200,Topwear,Jealous 21 Women's Round Neck White Top
11518,Shoes,Catwalk Women Gun Metal Grey Heels
26389,Topwear,Turtle Men Check Magenta Shirt
31200,Accessories,Cabarelli Men Accessory Gift Set
26712,Topwear,Puma Men Graphic Green T-shirt
16867,Eyewear,Idee Men Funky Eyewear Green Sunglasses
55900,Nails,Colorbar Fearless Red Nail Lacquer 18
24833,Bags,Wildcraft Unisex Red Backpack
50242,Bags,Stoln Women Orange Handbag
37941,Topwear,Mineral Women Floral Green Tunic
2963,Shoes,Puma Men's Basket Biz White & Blue Shoe
11455,Topwear,United Colors of Benetton Men Light Winters Black Shirts
59943,Shoes,Vans Men Black & Red Casual Shoes
52129,Topwear,Doodle Boys white Printed T-Shirt
19035,Shoes,Catwalk Women Red Flats
58526,Topwear,Wildcraft Men Blue Rain Jacket
4611,Bags,Wildcraft Unisex Olive Green Waist Pouch
48130,Bags,Fossil Women Black Handbag
33191,Topwear,Sepia Women Printed Pink Tunic
42068,Wallets,American Tourister Men Black Coin Passcase Wallet
58734,Topwear,PUMA Men Red Printed T-shirt
38132,Bags,Wildcraft Unisex Red Zen Backpack
48888,Jewellery,Lucera Women Silver Pendant
10370,Topwear,United Colors of Benetton Women White T-shirt
58627,Jewellery,ToniQ Women Yellow Bangles
54737,Shoes,Vans Men Navy Blue Cobern Shoes
34281,Topwear,Fabindia Women Blue Dupatta
45825,Shoes,Senorita Women Black Flats
59971,Dress,Avirate Multicoloured Dress
22875,Shoes,Woodland Men Khaki Casual Shoes
20891,Shoes,Basics Men Green Casual Shoes
53129,Shoes,Catwalk Women Bronze Toned Flats
51770,Belts,Hidedge Men Brown Belt
55203,Lips,Lakme Lip Love Flirt Lip Conditioner
10385,Watches,Puma Women Vitality Stones 168 White Watches
11842,Shoes,Playboy Men Casual Beige Casual Shoes
41466,Shoes,Carlton London Women Brown Shoes
58970,Fragrance,Colour me Men White Perfume
47432,Wallets,Baggit Women Brown Chata Josh Wallet
59615,Saree,FNF Green Collection for Wedding Sari
51530,Watches,Fastrack Women Silver-Toned Dial Watch NA2404sm01
27587,Topwear,Scullers Men Yellow & Navy Blue Striped T-shirt
49549,Bags,Rocia Women Green Clutch
11355,Topwear,United Colors Of Benetton Women Light Winter Black Tops
47570,Shoes,Portia Women Purple Flats
46941,Fragrance,York Women Clematis Perfume
16084,Eyewear,Mayhem Women Gradiant Sunglasses MAYS-9007-201
10632,Shoes,Carlton London Men Brown Shoes
13124,Shoes,Lee Cooper Men Tan Formal Shoes
2328,Topwear,Reebok Men Graphic White T-shirt
4230,Topwear,Probase Men's Screw U Orange Tshirt
58510,Dress,Tonga White & Black Animal Print Dress
45343,Shoes,Cobblerz Women Multicoloured Sandals
